ID,DATA_SOURCE,SPECIES,Year,SOURCE,HOST_SPECIES,GENOTYPE,SRA_ACCESSION_NUMBER,BIOSAMPLE_ID,Aminoglycoside_Resist_Genes,Beta_lactam_Resist_Genes,Glycopeptide_Resist_Genes,Macrolide_Resist_Genes,QAC_Resist_Genes,Quinolone_Resist_Genes,Sulfonamide_Resist_Genes,Tetracycline_Resist_Genes,Trimethoprim_Resist_Genes,Phenicol_Resist_Genes,Other_Classes_Resist_Genes
17CO02GB06-ECEC,Retail_Meats,coli,2017,Retail Ground Beef,Cattle,NULL,SRR8095824,SAMN10221252,NULL,NULL,NULL,NULL,NULL,NULL,NULL,NULL,NULL,NULL,NULL
17CO06GB01-ECEC,Retail_Meats,coli,2017,Retail Ground Beef,Cattle,NULL,SRR8095739,SAMN10221540,NULL,NULL,NULL,NULL,NULL,NULL,NULL,NULL,NULL,NULL,NULL
17CO06GB03-ECEC,Retail_Meats,coli,2017,Retail Ground Beef,Cattle,NULL,SRR8095738,SAMN10221541,NULL,NULL,NULL,NULL,NULL,NULL,NULL,NULL,NULL,NULL,NULL
17CO07GB02-ECEC,Retail_Meats,coli,2017,Retail Ground Beef,Cattle,tet(B),SRR8095398,SAMN10221545,NULL,NULL,NULL,NULL,NULL,NULL,NULL,tet(B),NULL,NULL,NULL
17CO07GB10-ECEC,Retail_Meats,coli,2017,Retail Ground Beef,Cattle,NULL,SRR8095727,SAMN10221546,NULL,NULL,NULL,NULL,NULL,NULL,NULL,NULL,NULL,NULL,NULL
17CO09GB06-ECEC,Retail_Meats,coli,2017,Retail Ground Beef,Cattle,NULL,SRR8095801,SAMN10221550,NULL,NULL,NULL,NULL,NULL,NULL,NULL,NULL,NULL,NULL,NULL
17CO09GB10-ECEC,Retail_Meats,coli,2017,Retail Ground Beef,Cattle,NULL,SRR8095802,SAMN10221551,NULL,NULL,NULL,NULL,NULL,NULL,NULL,NULL,NULL,NULL,NULL
17CO10GB02-ECEC,Retail_Meats,coli,2017,Retail Ground Beef,Cattle,NULL,SRR8095805,SAMN10221554,NULL,NULL,NULL,NULL,NULL,NULL,NULL,NULL,NULL,NULL,NULL
17CO10GB08-ECEC,Retail_Meats,coli,2017,Retail Ground Beef,Cattle,NULL,SRR8095806,SAMN10221555,NULL,NULL,NULL,NULL,NULL,NULL,NULL,NULL,NULL,NULL,NULL
17GA01GB02-ECEC,Retail_Meats,coli,2017,Retail Ground Beef,Cattle,aph(6)-Id strA tet(A),SRR8095931,SAMN10220965,aph(6)-Id  strA,NULL,NULL,NULL,NULL,NULL,NULL,tet(A),NULL,NULL,NULL
17GA01GB04-ECEC,Retail_Meats,coli,2017,Retail Ground Beef,Cattle,aph(3``)-Ib aph(6)-Id blaTEM-1A floR sul2 tet(A),SRR8095932,SAMN10220966,aph(3``)-Ib  aph(6)-Id,blaTEM-1A,NULL,NULL,NULL,NULL,sul2,tet(A),NULL,floR,NULL
17GA01GB07-ECEC,Retail_Meats,coli,2017,Retail Ground Beef,Cattle,NULL,SRR8095933,SAMN10220967,NULL,NULL,NULL,NULL,NULL,NULL,NULL,NULL,NULL,NULL,NULL
17GA01GB09-ECEC,Retail_Meats,coli,2017,Retail Ground Beef,Cattle,tet(A) tet(C) tet(S/M),SRR8095979,SAMN10220968,NULL,NULL,NULL,NULL,NULL,NULL,NULL,tet(A)  tet(C)  tet(S/M),NULL,NULL,NULL
17GA02GB02-ECEC,Retail_Meats,coli,2017,Retail Ground Beef,Cattle,NULL,SRR8095758,SAMN10220982,NULL,NULL,NULL,NULL,NULL,NULL,NULL,NULL,NULL,NULL,NULL
17GA03GB08-ECEC,Retail_Meats,coli,2017,Retail Ground Beef,Cattle,NULL,SRR8095363,SAMN10220990,NULL,NULL,NULL,NULL,NULL,NULL,NULL,NULL,NULL,NULL,NULL
17GA04GB06-ECEC,Retail_Meats,coli,2017,Retail Ground Beef,Cattle,NULL,SRR8095413,SAMN10220998,NULL,NULL,NULL,NULL,NULL,NULL,NULL,NULL,NULL,NULL,NULL
17GA05GB04-ECEC,Retail_Meats,coli,2017,Retail Ground Beef,Cattle,fosA7,SRR8095460,SAMN10221270,NULL,NULL,NULL,NULL,NULL,NULL,NULL,NULL,NULL,NULL,NULL
17GA05GB08-ECEC,Retail_Meats,coli,2017,Retail Ground Beef,Cattle,tet(B),SRR8095461,SAMN10221271,NULL,NULL,NULL,NULL,NULL,NULL,NULL,tet(B),NULL,NULL,NULL
17GA06GB10-ECEC,Retail_Meats,coli,2017,Retail Ground Beef,Cattle,tet(C),SRR8095869,SAMN10221278,NULL,NULL,NULL,NULL,NULL,NULL,NULL,tet(C),NULL,NULL,NULL
17GA07GB02-ECEC,Retail_Meats,coli,2017,Retail Ground Beef,Cattle,NULL,SRR8095863,SAMN10221284,NULL,NULL,NULL,NULL,NULL,NULL,NULL,NULL,NULL,NULL,NULL
17GA07GB10-ECEC,Retail_Meats,coli,2017,Retail Ground Beef,Cattle,NULL,SRR8095672,SAMN10221285,NULL,NULL,NULL,NULL,NULL,NULL,NULL,NULL,NULL,NULL,NULL
17GA08GB10-ECEC,Retail_Meats,coli,2017,Retail Ground Beef,Cattle,NULL,SRR8095527,SAMN10221418,NULL,NULL,NULL,NULL,NULL,NULL,NULL,NULL,NULL,NULL,NULL
17GA09GB06-ECEC,Retail_Meats,coli,2017,Retail Ground Beef,Cattle,fosA7,SRR8095533,SAMN10221424,NULL,NULL,NULL,NULL,NULL,NULL,NULL,NULL,NULL,NULL,NULL
17GA10GB10-ECEC,Retail_Meats,coli,2017,Retail Ground Beef,Cattle,NULL,SRR8095615,SAMN10221430,NULL,NULL,NULL,NULL,NULL,NULL,NULL,NULL,NULL,NULL,NULL
17GA11GB08-ECEC,Retail_Meats,coli,2017,Retail Ground Beef,Cattle,NULL,SRR8095347,SAMN10221564,NULL,NULL,NULL,NULL,NULL,NULL,NULL,NULL,NULL,NULL,NULL
17GA12GB02-ECEC,Retail_Meats,coli,2017,Retail Ground Beef,Cattle,tet(C),SRR8095360,SAMN10221632,NULL,NULL,NULL,NULL,NULL,NULL,NULL,tet(C),NULL,NULL,NULL
17GA12GB10-ECEC,Retail_Meats,coli,2017,Retail Ground Beef,Cattle,NULL,SRR8095359,SAMN10221633,NULL,NULL,NULL,NULL,NULL,NULL,NULL,NULL,NULL,NULL,NULL
17IA01GB08-ECEC,Retail_Meats,coli,2017,Retail Ground Beef,Cattle,NULL,SRR8095676,SAMN10221023,NULL,NULL,NULL,NULL,NULL,NULL,NULL,NULL,NULL,NULL,NULL
17IA01GB10-ECEC,Retail_Meats,coli,2017,Retail Ground Beef,Cattle,NULL,SRR8095679,SAMN10221024,NULL,NULL,NULL,NULL,NULL,NULL,NULL,NULL,NULL,NULL,NULL
17IA02GB03-ECEC,Retail_Meats,coli,2017,Retail Ground Beef,Cattle,NULL,SRR8095521,SAMN10221048,NULL,NULL,NULL,NULL,NULL,NULL,NULL,NULL,NULL,NULL,NULL
17IA02GB07-ECEC,Retail_Meats,coli,2017,Retail Ground Beef,Cattle,NULL,SRR8095522,SAMN10221049,NULL,NULL,NULL,NULL,NULL,NULL,NULL,NULL,NULL,NULL,NULL
17IA03GB02-ECEC,Retail_Meats,coli,2017,Retail Ground Beef,Cattle,NULL,SRR8095427,SAMN10221066,NULL,NULL,NULL,NULL,NULL,NULL,NULL,NULL,NULL,NULL,NULL
17IA03GB05-ECEC,Retail_Meats,coli,2017,Retail Ground Beef,Cattle,NULL,SRR8095426,SAMN10221067,NULL,NULL,NULL,NULL,NULL,NULL,NULL,NULL,NULL,NULL,NULL
17IA03GB10-ECEC,Retail_Meats,coli,2017,Retail Ground Beef,Cattle,NULL,SRR8095817,SAMN10221068,NULL,NULL,NULL,NULL,NULL,NULL,NULL,NULL,NULL,NULL,NULL
17IA04GB02-ECEC,Retail_Meats,coli,2017,Retail Ground Beef,Cattle,NULL,SRR8095666,SAMN10221290,NULL,NULL,NULL,NULL,NULL,NULL,NULL,NULL,NULL,NULL,NULL
17IA05GB04-ECEC,Retail_Meats,coli,2017,Retail Ground Beef,Cattle,NULL,SRR8095670,SAMN10221294,NULL,NULL,NULL,NULL,NULL,NULL,NULL,NULL,NULL,NULL,NULL
17IA05GB10-ECEC,Retail_Meats,coli,2017,Retail Ground Beef,Cattle,tet(B),SRR8095671,SAMN10221295,NULL,NULL,NULL,NULL,NULL,NULL,NULL,tet(B),NULL,NULL,NULL
17IA06GB02-ECEC,Retail_Meats,coli,2017,Retail Ground Beef,Cattle,NULL,SRR8095576,SAMN10221300,NULL,NULL,NULL,NULL,NULL,NULL,NULL,NULL,NULL,NULL,NULL
17IA06GB08-ECEC,Retail_Meats,coli,2017,Retail Ground Beef,Cattle,NULL,SRR8095575,SAMN10221301,NULL,NULL,NULL,NULL,NULL,NULL,NULL,NULL,NULL,NULL,NULL
17IA07GB02-ECEC,Retail_Meats,coli,2017,Retail Ground Beef,Cattle,NULL,SRR8095570,SAMN10221302,NULL,NULL,NULL,NULL,NULL,NULL,NULL,NULL,NULL,NULL,NULL
17IA07GB06-ECEC,Retail_Meats,coli,2017,Retail Ground Beef,Cattle,NULL,SRR8095569,SAMN10221303,NULL,NULL,NULL,NULL,NULL,NULL,NULL,NULL,NULL,NULL,NULL
17IA08GB02-ECEC,Retail_Meats,coli,2017,Retail Ground Beef,Cattle,NULL,SRR8095654,SAMN10221308,NULL,NULL,NULL,NULL,NULL,NULL,NULL,NULL,NULL,NULL,NULL
17IA08GB04-ECEC,Retail_Meats,coli,2017,Retail Ground Beef,Cattle,ant(3``)-Ia tet(B),SRR8095655,SAMN10221309,ant(3``)-Ia,NULL,NULL,NULL,NULL,NULL,NULL,tet(B),NULL,NULL,NULL
17IA08GB06-ECEC,Retail_Meats,coli,2017,Retail Ground Beef,Cattle,NULL,SRR8095385,SAMN10221310,NULL,NULL,NULL,NULL,NULL,NULL,NULL,NULL,NULL,NULL,NULL
17IA09GB02-ECEC,Retail_Meats,coli,2017,Retail Ground Beef,Cattle,tet(C),SRR8095611,SAMN10221434,NULL,NULL,NULL,NULL,NULL,NULL,NULL,tet(C),NULL,NULL,NULL
17IA10GB02-ECEC,Retail_Meats,coli,2017,Retail Ground Beef,Cattle,NULL,SRR8095920,SAMN10221438,NULL,NULL,NULL,NULL,NULL,NULL,NULL,NULL,NULL,NULL,NULL
17IA10GB06-ECEC,Retail_Meats,coli,2017,Retail Ground Beef,Cattle,NULL,SRR8095921,SAMN10221439,NULL,NULL,NULL,NULL,NULL,NULL,NULL,NULL,NULL,NULL,NULL
17IA11GB10-ECEC,Retail_Meats,coli,2017,Retail Ground Beef,Cattle,tet(C),SRR8095538,SAMN10221570,NULL,NULL,NULL,NULL,NULL,NULL,NULL,tet(C),NULL,NULL,NULL
17KS01GB08-ECEC,Retail_Meats,coli,2017,Retail Ground Beef,Cattle,NULL,SRR8095814,SAMN10221073,NULL,NULL,NULL,NULL,NULL,NULL,NULL,NULL,NULL,NULL,NULL
17KS02GB02-ECEC,Retail_Meats,coli,2017,Retail Ground Beef,Cattle,NULL,SRR8095825,SAMN10221076,NULL,NULL,NULL,NULL,NULL,NULL,NULL,NULL,NULL,NULL,NULL
17KS06GB02-ECEC,Retail_Meats,coli,2017,Retail Ground Beef,Cattle,NULL,SRR8095779,SAMN10221321,NULL,NULL,NULL,NULL,NULL,NULL,NULL,NULL,NULL,NULL,NULL
17KS06GB08-ECEC,Retail_Meats,coli,2017,Retail Ground Beef,Cattle,tet(B),SRR8095786,SAMN10221322,NULL,NULL,NULL,NULL,NULL,NULL,NULL,tet(B),NULL,NULL,NULL
17KS07GB10-ECEC,Retail_Meats,coli,2017,Retail Ground Beef,Cattle,tet(C),SRR8095788,SAMN10221326,NULL,NULL,NULL,NULL,NULL,NULL,NULL,tet(C),NULL,NULL,NULL
17KS08GB08-ECEC,Retail_Meats,coli,2017,Retail Ground Beef,Cattle,tet(A),SRR8095917,SAMN10221443,NULL,NULL,NULL,NULL,NULL,NULL,NULL,tet(A),NULL,NULL,NULL
17KS09GB04-ECEC,Retail_Meats,coli,2017,Retail Ground Beef,Cattle,blaTEM-1B tet(A),SRR8095721,SAMN10221448,NULL,blaTEM-1B,NULL,NULL,NULL,NULL,NULL,tet(A),NULL,NULL,NULL
17KS09GB08-ECEC,Retail_Meats,coli,2017,Retail Ground Beef,Cattle,NULL,SRR8095720,SAMN10221449,NULL,NULL,NULL,NULL,NULL,NULL,NULL,NULL,NULL,NULL,NULL
17KS10GB02-ECEC,Retail_Meats,coli,2017,Retail Ground Beef,Cattle,ant(3``)-Ia tet(C),SRR8095632,SAMN10221578,ant(3``)-Ia,NULL,NULL,NULL,NULL,NULL,NULL,tet(C),NULL,NULL,NULL
17KS10GB10-ECEC,Retail_Meats,coli,2017,Retail Ground Beef,Cattle,NULL,SRR8095633,SAMN10221579,NULL,NULL,NULL,NULL,NULL,NULL,NULL,NULL,NULL,NULL,NULL
17MD02GB03-ECEC,Retail_Meats,coli,2017,Retail Ground Beef,Cattle,NULL,SRR8095688,SAMN10221085,NULL,NULL,NULL,NULL,NULL,NULL,NULL,NULL,NULL,NULL,NULL
17MD03GB09-ECEC,Retail_Meats,coli,2017,Retail Ground Beef,Cattle,NULL,SRR8095900,SAMN10221089,NULL,NULL,NULL,NULL,NULL,NULL,NULL,NULL,NULL,NULL,NULL
17MD04GB03-ECEC,Retail_Meats,coli,2017,Retail Ground Beef,Cattle,NULL,SRR8095893,SAMN10221094,NULL,NULL,NULL,NULL,NULL,NULL,NULL,NULL,NULL,NULL,NULL
17MD04GB09-ECEC,Retail_Meats,coli,2017,Retail Ground Beef,Cattle,NULL,SRR8095894,SAMN10221095,NULL,NULL,NULL,NULL,NULL,NULL,NULL,NULL,NULL,NULL,NULL
17MD05GB03-ECEC,Retail_Meats,coli,2017,Retail Ground Beef,Cattle,tet(B),SRR8095594,SAMN10221331,NULL,NULL,NULL,NULL,NULL,NULL,NULL,tet(B),NULL,NULL,NULL
17MD05GB09-ECEC,Retail_Meats,coli,2017,Retail Ground Beef,Cattle,NULL,SRR8095587,SAMN10221332,NULL,NULL,NULL,NULL,NULL,NULL,NULL,NULL,NULL,NULL,NULL
17MD06GB03-ECEC,Retail_Meats,coli,2017,Retail Ground Beef,Cattle,NULL,SRR8095590,SAMN10221335,NULL,NULL,NULL,NULL,NULL,NULL,NULL,NULL,NULL,NULL,NULL
17MD06GB09-ECEC,Retail_Meats,coli,2017,Retail Ground Beef,Cattle,NULL,SRR8095595,SAMN10221336,NULL,NULL,NULL,NULL,NULL,NULL,NULL,NULL,NULL,NULL,NULL
17MD08GB03-ECEC,Retail_Meats,coli,2017,Retail Ground Beef,Cattle,fosA7,SRR8095725,SAMN10221456,NULL,NULL,NULL,NULL,NULL,NULL,NULL,NULL,NULL,NULL,NULL
17MD09GB05-ECEC,Retail_Meats,coli,2017,Retail Ground Beef,Cattle,NULL,SRR8095626,SAMN10221584,NULL,NULL,NULL,NULL,NULL,NULL,NULL,NULL,NULL,NULL,NULL
17MD09GB09-ECEC,Retail_Meats,coli,2017,Retail Ground Beef,Cattle,NULL,SRR8095627,SAMN10221585,NULL,NULL,NULL,NULL,NULL,NULL,NULL,NULL,NULL,NULL,NULL
17MD12GB01-ECEC,Retail_Meats,coli,2017,Retail Ground Beef,Cattle,aph(3``)-Ib aph(6)-Id floR sul2 tet(A),SRR8095548,SAMN10221642,aph(3``)-Ib  aph(6)-Id,NULL,NULL,NULL,NULL,NULL,sul2,tet(A),NULL,floR,NULL
17MD12GB07-ECEC,Retail_Meats,coli,2017,Retail Ground Beef,Cattle,tet(B),SRR8095549,SAMN10221643,NULL,NULL,NULL,NULL,NULL,NULL,NULL,tet(B),NULL,NULL,NULL
17OR01GB07-ECEC,Retail_Meats,coli,2017,Retail Ground Beef,Cattle,tet(B),SRR8095490,SAMN10221102,NULL,NULL,NULL,NULL,NULL,NULL,NULL,tet(B),NULL,NULL,NULL
17OR02GB07-ECEC,Retail_Meats,coli,2017,Retail Ground Beef,Cattle,aph(6)-Id strA sul2 tet(B),SRR8095303,SAMN10221111,aph(6)-Id  strA,NULL,NULL,NULL,NULL,NULL,sul2,tet(B),NULL,NULL,NULL
17OR03GB01-ECEC,Retail_Meats,coli,2017,Retail Ground Beef,Cattle,GyrA (S83L),SRR8095763,SAMN10221119,NULL,NULL,NULL,NULL,NULL,GyrA (S83L),NULL,NULL,NULL,NULL,NULL
17OR05GB05-ECEC,Retail_Meats,coli,2017,Retail Ground Beef,Cattle,NULL,SRR8095508,SAMN10221340,NULL,NULL,NULL,NULL,NULL,NULL,NULL,NULL,NULL,NULL,NULL
17OR06GB05-ECEC,Retail_Meats,coli,2017,Retail Ground Beef,Cattle,NULL,SRR8095503,SAMN10221347,NULL,NULL,NULL,NULL,NULL,NULL,NULL,NULL,NULL,NULL,NULL
17OR07GB04-ECEC,Retail_Meats,coli,2017,Retail Ground Beef,Cattle,NULL,SRR8095316,SAMN10221350,NULL,NULL,NULL,NULL,NULL,NULL,NULL,NULL,NULL,NULL,NULL
17OR08GB01-ECEC,Retail_Meats,coli,2017,Retail Ground Beef,Cattle,NULL,SRR8095859,SAMN10221484,NULL,NULL,NULL,NULL,NULL,NULL,NULL,NULL,NULL,NULL,NULL
17OR09GB02-ECEC,Retail_Meats,coli,2017,Retail Ground Beef,Cattle,aph(3``)-Ib aph(6)-Id blaTEM-1A floR sul2 tet(A),SRR8095470,SAMN10221488,aph(3``)-Ib  aph(6)-Id,blaTEM-1A,NULL,NULL,NULL,NULL,sul2,tet(A),NULL,floR,NULL
17OR10GB01-ECEC,Retail_Meats,coli,2017,Retail Ground Beef,Cattle,NULL,SRR8095481,SAMN10221492,NULL,NULL,NULL,NULL,NULL,NULL,NULL,NULL,NULL,NULL,NULL
17OR11GB01-ECEC,Retail_Meats,coli,2017,Retail Ground Beef,Cattle,NULL,SRR8095835,SAMN10221591,NULL,NULL,NULL,NULL,NULL,NULL,NULL,NULL,NULL,NULL,NULL
17OR11GB05-ECEC,Retail_Meats,coli,2017,Retail Ground Beef,Cattle,NULL,SRR8095830,SAMN10221592,NULL,NULL,NULL,NULL,NULL,NULL,NULL,NULL,NULL,NULL,NULL
17OR12GB05-ECEC,Retail_Meats,coli,2017,Retail Ground Beef,Cattle,NULL,SRR8095832,SAMN10221594,NULL,NULL,NULL,NULL,NULL,NULL,NULL,NULL,NULL,NULL,NULL
17PA01GB01-ECEC,Retail_Meats,coli,2017,Retail Ground Beef,Cattle,NULL,SRR8095988,SAMN10221128,NULL,NULL,NULL,NULL,NULL,NULL,NULL,NULL,NULL,NULL,NULL
17PA01GB07-ECEC,Retail_Meats,coli,2017,Retail Ground Beef,Cattle,aph(3`)-Ia aph(6)-Id blaCTX-M-27 blaTEM-1B strA tet(B),SRR8095989,SAMN10221129,aph(3`)-Ia  aph(6)-Id  strA,blaCTX-M-27  blaTEM-1B,NULL,NULL,NULL,NULL,NULL,tet(B),NULL,NULL,NULL
17PA03GB04-ECEC,Retail_Meats,coli,2017,Retail Ground Beef,Cattle,NULL,SRR8095582,SAMN10221137,NULL,NULL,NULL,NULL,NULL,NULL,NULL,NULL,NULL,NULL,NULL
17PA04GB01-ECEC,Retail_Meats,coli,2017,Retail Ground Beef,Cattle,NULL,SRR8095798,SAMN10221142,NULL,NULL,NULL,NULL,NULL,NULL,NULL,NULL,NULL,NULL,NULL
17PA04GB09-ECEC,Retail_Meats,coli,2017,Retail Ground Beef,Cattle,blaTEM-1B tet(A),SRR8095797,SAMN10221143,NULL,blaTEM-1B,NULL,NULL,NULL,NULL,NULL,tet(A),NULL,NULL,NULL
17PA05GB05-ECEC,Retail_Meats,coli,2017,Retail Ground Beef,Cattle,NULL,SRR8095321,SAMN10221355,NULL,NULL,NULL,NULL,NULL,NULL,NULL,NULL,NULL,NULL,NULL
17PA06GB06-ECEC,Retail_Meats,coli,2017,Retail Ground Beef,Cattle,NULL,SRR8095737,SAMN10221359,NULL,NULL,NULL,NULL,NULL,NULL,NULL,NULL,NULL,NULL,NULL
17PA07GB06-ECEC,Retail_Meats,coli,2017,Retail Ground Beef,Cattle,NULL,SRR8095702,SAMN10221496,NULL,NULL,NULL,NULL,NULL,NULL,NULL,NULL,NULL,NULL,NULL
17PA07GB10-ECEC,Retail_Meats,coli,2017,Retail Ground Beef,Cattle,tet(B),SRR8095703,SAMN10221497,NULL,NULL,NULL,NULL,NULL,NULL,NULL,tet(B),NULL,NULL,NULL
17PA08GB02-ECEC,Retail_Meats,coli,2017,Retail Ground Beef,Cattle,NULL,SRR8095479,SAMN10221503,NULL,NULL,NULL,NULL,NULL,NULL,NULL,NULL,NULL,NULL,NULL
17PA10GB03-ECEC,Retail_Meats,coli,2017,Retail Ground Beef,Cattle,NULL,SRR8095557,SAMN10221647,NULL,NULL,NULL,NULL,NULL,NULL,NULL,NULL,NULL,NULL,NULL
17PA10GB09-ECEC,Retail_Meats,coli,2017,Retail Ground Beef,Cattle,NULL,SRR8095641,SAMN10221648,NULL,NULL,NULL,NULL,NULL,NULL,NULL,NULL,NULL,NULL,NULL
17PA11GB06-ECEC,Retail_Meats,coli,2017,Retail Ground Beef,Cattle,NULL,SRR8095645,SAMN10221652,NULL,NULL,NULL,NULL,NULL,NULL,NULL,NULL,NULL,NULL,NULL
17SC01GB03-ECEC,Retail_Meats,coli,2017,Retail Ground Beef,Cattle,NULL,SRR8095789,SAMN10221147,NULL,NULL,NULL,NULL,NULL,NULL,NULL,NULL,NULL,NULL,NULL
17SC03GB05-ECEC,Retail_Meats,coli,2017,Retail Ground Beef,Cattle,NULL,SRR8095602,SAMN10221155,NULL,NULL,NULL,NULL,NULL,NULL,NULL,NULL,NULL,NULL,NULL
17SC04GB02-ECEC,Retail_Meats,coli,2017,Retail Ground Beef,Cattle,tet(B),SRR8095872,SAMN10221158,NULL,NULL,NULL,NULL,NULL,NULL,NULL,tet(B),NULL,NULL,NULL
17SC05GB09-ECEC,Retail_Meats,coli,2017,Retail Ground Beef,Cattle,NULL,SRR8095733,SAMN10221363,NULL,NULL,NULL,NULL,NULL,NULL,NULL,NULL,NULL,NULL,NULL
17SC06GB06-ECEC,Retail_Meats,coli,2017,Retail Ground Beef,Cattle,NULL,SRR8095340,SAMN10221368,NULL,NULL,NULL,NULL,NULL,NULL,NULL,NULL,NULL,NULL,NULL
17SC06GB10-ECEC,Retail_Meats,coli,2017,Retail Ground Beef,Cattle,NULL,SRR8095339,SAMN10221369,NULL,NULL,NULL,NULL,NULL,NULL,NULL,NULL,NULL,NULL,NULL
17SC07GB02-ECEC,Retail_Meats,coli,2017,Retail Ground Beef,Cattle,tet(C),SRR8095336,SAMN10221372,NULL,NULL,NULL,NULL,NULL,NULL,NULL,tet(C),NULL,NULL,NULL
17SC08GB04-ECEC,Retail_Meats,coli,2017,Retail Ground Beef,Cattle,NULL,SRR8095478,SAMN10221504,NULL,NULL,NULL,NULL,NULL,NULL,NULL,NULL,NULL,NULL,NULL
17SC08GB10-ECEC,Retail_Meats,coli,2017,Retail Ground Beef,Cattle,tet(C),SRR8095477,SAMN10221505,NULL,NULL,NULL,NULL,NULL,NULL,NULL,tet(C),NULL,NULL,NULL
17SC09GB02-ECEC,Retail_Meats,coli,2017,Retail Ground Beef,Cattle,NULL,SRR8095284,SAMN10221510,NULL,NULL,NULL,NULL,NULL,NULL,NULL,NULL,NULL,NULL,NULL
17SC11GB04-ECEC,Retail_Meats,coli,2017,Retail Ground Beef,Cattle,NULL,SRR8095436,SAMN10221602,NULL,NULL,NULL,NULL,NULL,NULL,NULL,NULL,NULL,NULL,NULL
17SD02GB07-ECEC,Retail_Meats,coli,2017,Retail Ground Beef,Cattle,NULL,SRR8095379,SAMN10221169,NULL,NULL,NULL,NULL,NULL,NULL,NULL,NULL,NULL,NULL,NULL
17SD02GB09-ECEC,Retail_Meats,coli,2017,Retail Ground Beef,Cattle,NULL,SRR8095378,SAMN10221170,NULL,NULL,NULL,NULL,NULL,NULL,NULL,NULL,NULL,NULL,NULL
17SD03GB01-ECEC,Retail_Meats,coli,2017,Retail Ground Beef,Cattle,NULL,SRR8095567,SAMN10221182,NULL,NULL,NULL,NULL,NULL,NULL,NULL,NULL,NULL,NULL,NULL
17SD03GB07-ECEC,Retail_Meats,coli,2017,Retail Ground Beef,Cattle,NULL,SRR8095568,SAMN10221183,NULL,NULL,NULL,NULL,NULL,NULL,NULL,NULL,NULL,NULL,NULL
17SD03GB09-ECEC,Retail_Meats,coli,2017,Retail Ground Beef,Cattle,aph(3``)-Ib aph(6)-Id blaTEM-1A floR sul2 tet(A),SRR8095565,SAMN10221184,aph(3``)-Ib  aph(6)-Id,blaTEM-1A,NULL,NULL,NULL,NULL,sul2,tet(A),NULL,floR,NULL
17SD04GB06-ECEC,Retail_Meats,coli,2017,Retail Ground Beef,Cattle,NULL,SRR8095324,SAMN10221189,NULL,NULL,NULL,NULL,NULL,NULL,NULL,NULL,NULL,NULL,NULL
17SD05GB06-ECEC,Retail_Meats,coli,2017,Retail Ground Beef,Cattle,NULL,SRR8095662,SAMN10221195,NULL,NULL,NULL,NULL,NULL,NULL,NULL,NULL,NULL,NULL,NULL
17SD06GB06-ECEC,Retail_Meats,coli,2017,Retail Ground Beef,Cattle,NULL,SRR8095332,SAMN10221376,NULL,NULL,NULL,NULL,NULL,NULL,NULL,NULL,NULL,NULL,NULL
17SD08GB04-ECEC,Retail_Meats,coli,2017,Retail Ground Beef,Cattle,ant(3``)-Ia blaHERA-3 blaTEM-1B sul1 tet(A),SRR8095393,SAMN10221385,ant(3``)-Ia,blaHERA-3  blaTEM-1B,NULL,NULL,NULL,NULL,sul1,tet(A),NULL,NULL,NULL
17SD08GB08-ECEC,Retail_Meats,coli,2017,Retail Ground Beef,Cattle,aph(3`)-IIa aph(3`)-Ia aph(6)-Ic aph(6)-Id strA sul2 tet(B),SRR8095402,SAMN10221386,aph(3`)-IIa  aph(3`)-Ia  aph(6)-Ic  aph(6)-Id  strA,NULL,NULL,NULL,NULL,NULL,sul2,tet(B),NULL,NULL,NULL
17SD09GB02-ECEC,Retail_Meats,coli,2017,Retail Ground Beef,Cattle,NULL,SRR8095906,SAMN10221460,NULL,NULL,NULL,NULL,NULL,NULL,NULL,NULL,NULL,NULL,NULL
17SD09GB08-ECEC,Retail_Meats,coli,2017,Retail Ground Beef,Cattle,NULL,SRR8095905,SAMN10221461,NULL,NULL,NULL,NULL,NULL,NULL,NULL,NULL,NULL,NULL,NULL
17SD10GB08-ECEC,Retail_Meats,coli,2017,Retail Ground Beef,Cattle,NULL,SRR8095901,SAMN10221465,NULL,NULL,NULL,NULL,NULL,NULL,NULL,NULL,NULL,NULL,NULL
17SD11GB02-ECEC,Retail_Meats,coli,2017,Retail Ground Beef,Cattle,NULL,SRR8095937,SAMN10221616,NULL,NULL,NULL,NULL,NULL,NULL,NULL,NULL,NULL,NULL,NULL
17SD11GB04-ECEC,Retail_Meats,coli,2017,Retail Ground Beef,Cattle,NULL,SRR8095936,SAMN10221617,NULL,NULL,NULL,NULL,NULL,NULL,NULL,NULL,NULL,NULL,NULL
17SD11GB08-ECEC,Retail_Meats,coli,2017,Retail Ground Beef,Cattle,NULL,SRR8095746,SAMN10221618,NULL,NULL,NULL,NULL,NULL,NULL,NULL,NULL,NULL,NULL,NULL
17SD12GB02-ECEC,Retail_Meats,coli,2017,Retail Ground Beef,Cattle,tet(B),SRR8095750,SAMN10221622,NULL,NULL,NULL,NULL,NULL,NULL,NULL,tet(B),NULL,NULL,NULL
17SD12GB06-ECEC,Retail_Meats,coli,2017,Retail Ground Beef,Cattle,ant(3``)-Ia,SRR8095751,SAMN10221623,ant(3``)-Ia,NULL,NULL,NULL,NULL,NULL,NULL,NULL,NULL,NULL,NULL
17TN01GB04-ECEC,Retail_Meats,coli,2017,Retail Ground Beef,Cattle,aph(6)-Id strA tet(B),SRR8095313,SAMN10221214,aph(6)-Id  strA,NULL,NULL,NULL,NULL,NULL,NULL,tet(B),NULL,NULL,NULL
17TN01GB06-ECEC,Retail_Meats,coli,2017,Retail Ground Beef,Cattle,tet(A),SRR8095699,SAMN10221199,NULL,NULL,NULL,NULL,NULL,NULL,NULL,tet(A),NULL,NULL,NULL
17TN02GB06-ECEC,Retail_Meats,coli,2017,Retail Ground Beef,Cattle,sul2 tet(B),SRR8095695,SAMN10221203,NULL,NULL,NULL,NULL,NULL,NULL,sul2,tet(B),NULL,NULL,NULL
17TN02GB08-ECEC,Retail_Meats,coli,2017,Retail Ground Beef,Cattle,NULL,SRR8095696,SAMN10221204,NULL,NULL,NULL,NULL,NULL,NULL,NULL,NULL,NULL,NULL,NULL
17TN03GB01-ECEC,Retail_Meats,coli,2017,Retail Ground Beef,Cattle,NULL,SRR8095501,SAMN10221218,NULL,NULL,NULL,NULL,NULL,NULL,NULL,NULL,NULL,NULL,NULL
17TN03GB06-ECEC,Retail_Meats,coli,2017,Retail Ground Beef,Cattle,NULL,SRR8095311,SAMN10221208,NULL,NULL,NULL,NULL,NULL,NULL,NULL,NULL,NULL,NULL,NULL
17TN03GB10-ECEC,Retail_Meats,coli,2017,Retail Ground Beef,Cattle,NULL,SRR8095310,SAMN10221209,NULL,NULL,NULL,NULL,NULL,NULL,NULL,NULL,NULL,NULL,NULL
17TN05GB04-ECEC,Retail_Meats,coli,2017,Retail Ground Beef,Cattle,tet(A),SRR8095879,SAMN10221395,NULL,NULL,NULL,NULL,NULL,NULL,NULL,tet(A),NULL,NULL,NULL
17TN08GB04-ECEC,Retail_Meats,coli,2017,Retail Ground Beef,Cattle,blaTEM-1B,SRR8095843,SAMN10221470,NULL,blaTEM-1B,NULL,NULL,NULL,NULL,NULL,NULL,NULL,NULL,NULL
17TN08GB08-ECEC,Retail_Meats,coli,2017,Retail Ground Beef,Cattle,NULL,SRR8095431,SAMN10221475,NULL,NULL,NULL,NULL,NULL,NULL,NULL,NULL,NULL,NULL,NULL
17TN09GB10-ECEC,Retail_Meats,coli,2017,Retail Ground Beef,Cattle,tet(B),SRR8095673,SAMN10221477,NULL,NULL,NULL,NULL,NULL,NULL,NULL,tet(B),NULL,NULL,NULL
17TN10GB06-ECEC,Retail_Meats,coli,2017,Retail Ground Beef,Cattle,NULL,SRR8095713,SAMN10221660,NULL,NULL,NULL,NULL,NULL,NULL,NULL,NULL,NULL,NULL,NULL
17TN10GB10-ECEC,Retail_Meats,coli,2017,Retail Ground Beef,Cattle,NULL,SRR8095712,SAMN10221661,NULL,NULL,NULL,NULL,NULL,NULL,NULL,NULL,NULL,NULL,NULL
17TN12GB06-ECEC,Retail_Meats,coli,2017,Retail Ground Beef,Cattle,NULL,SRR8095709,SAMN10221664,NULL,NULL,NULL,NULL,NULL,NULL,NULL,NULL,NULL,NULL,NULL
17TX01GB03-ECEC,Retail_Meats,coli,2017,Retail Ground Beef,Cattle,NULL,SRR8095584,SAMN10221228,NULL,NULL,NULL,NULL,NULL,NULL,NULL,NULL,NULL,NULL,NULL
17TX01GB07-ECEC,Retail_Meats,coli,2017,Retail Ground Beef,Cattle,NULL,SRR8095583,SAMN10221229,NULL,NULL,NULL,NULL,NULL,NULL,NULL,NULL,NULL,NULL,NULL
17TX04GB04-ECEC,Retail_Meats,coli,2017,Retail Ground Beef,Cattle,NULL,SRR8095972,SAMN10221245,NULL,NULL,NULL,NULL,NULL,NULL,NULL,NULL,NULL,NULL,NULL
17TX06GB07-ECEC,Retail_Meats,coli,2017,Retail Ground Beef,Cattle,NULL,SRR8095454,SAMN10221407,NULL,NULL,NULL,NULL,NULL,NULL,NULL,NULL,NULL,NULL,NULL
17TX07GB09-ECEC,Retail_Meats,coli,2017,Retail Ground Beef,Cattle,NULL,SRR8095831,SAMN10221412,NULL,NULL,NULL,NULL,NULL,NULL,NULL,NULL,NULL,NULL,NULL
17TX09GB03-ECEC,Retail_Meats,coli,2017,Retail Ground Beef,Cattle,GyrA (S83L),SRR8095457,SAMN10221521,NULL,NULL,NULL,NULL,NULL,GyrA (S83L),NULL,NULL,NULL,NULL,NULL
17TX10GB07-ECEC,Retail_Meats,coli,2017,Retail Ground Beef,Cattle,NULL,SRR8095839,SAMN10221527,NULL,NULL,NULL,NULL,NULL,NULL,NULL,NULL,NULL,NULL,NULL
17TX11GB07-ECEC,Retail_Meats,coli,2017,Retail Ground Beef,Cattle,NULL,SRR8095619,SAMN10221535,NULL,NULL,NULL,NULL,NULL,NULL,NULL,NULL,NULL,NULL,NULL
17TX12GB03-ECEC,Retail_Meats,coli,2017,Retail Ground Beef,Cattle,NULL,SRR8095913,SAMN10221669,NULL,NULL,NULL,NULL,NULL,NULL,NULL,NULL,NULL,NULL,NULL
18CA01GB01EC,Retail_Meats,coli,2018,Retail Ground Beef,Cattle,mdf(A),SRR9002358,SAMN11372832,NULL,NULL,NULL,mdf(A),NULL,NULL,NULL,NULL,NULL,NULL,NULL
18CA02GB01EC,Retail_Meats,coli,2018,Retail Ground Beef,Cattle,mdf(A),SRR9002368,SAMN11372859,NULL,NULL,NULL,mdf(A),NULL,NULL,NULL,NULL,NULL,NULL,NULL
18CA08GB03EC,Retail_Meats,coli,2018,Retail Ground Beef,Cattle,mdf(A),SRR9984570,SAMN12359829,NULL,NULL,NULL,mdf(A),NULL,NULL,NULL,NULL,NULL,NULL,NULL
18CA10GB03EC,Retail_Meats,coli,2018,Retail Ground Beef,Cattle,mdf(A),SRR9984538,SAMN12359944,NULL,NULL,NULL,mdf(A),NULL,NULL,NULL,NULL,NULL,NULL,NULL
18CA12GB01UCDEC,Retail_Meats,coli,2018,Retail Ground Beef,Cattle,mdf(A),SRR9984528,SAMN12360037,NULL,NULL,NULL,mdf(A),NULL,NULL,NULL,NULL,NULL,NULL,NULL
18CA12GB04UCDEC,Retail_Meats,coli,2018,Retail Ground Beef,Cattle,mdf(A),SRR9984523,SAMN12360038,NULL,NULL,NULL,mdf(A),NULL,NULL,NULL,NULL,NULL,NULL,NULL
18CO02GB07EC,Retail_Meats,coli,2018,Retail Ground Beef,Cattle,ant(3``)-Ia blaTEM-1B catA1 mdf(A) sul1 tet(B),SRR9002308,SAMN11372943,ant(3``)-Ia,blaTEM-1B,NULL,mdf(A),NULL,NULL,sul1,tet(B),NULL,catA1,NULL
18CO05GB01EC,Retail_Meats,coli,2018,Retail Ground Beef,Cattle,ant(3``)-Ia mdf(A) sul1 tet(B),SRR9984946,SAMN12359716,ant(3``)-Ia,NULL,NULL,mdf(A),NULL,NULL,sul1,tet(B),NULL,NULL,NULL
18CO06GB09EC,Retail_Meats,coli,2018,Retail Ground Beef,Cattle,mdf(A),SRR9984580,SAMN12359799,NULL,NULL,NULL,mdf(A),NULL,NULL,NULL,NULL,NULL,NULL,NULL
18CO08GB03EC,Retail_Meats,coli,2018,Retail Ground Beef,Cattle,mdf(A),SRR9984793,SAMN12359911,NULL,NULL,NULL,mdf(A),NULL,NULL,NULL,NULL,NULL,NULL,NULL
18CO11GB03EC,Retail_Meats,coli,2018,Retail Ground Beef,Cattle,mdf(A),SRR9852801,SAMN12359610,NULL,NULL,NULL,mdf(A),NULL,NULL,NULL,NULL,NULL,NULL,NULL
18CO12GB10EC,Retail_Meats,coli,2018,Retail Ground Beef,Cattle,mdf(A),SRR9852844,SAMN12359613,NULL,NULL,NULL,mdf(A),NULL,NULL,NULL,NULL,NULL,NULL,NULL
18GA02GB04EC,Retail_Meats,coli,2018,Retail Ground Beef,Cattle,mdf(A),SRR9002404,SAMN11372916,NULL,NULL,NULL,mdf(A),NULL,NULL,NULL,NULL,NULL,NULL,NULL
18GA02GB10EC,Retail_Meats,coli,2018,Retail Ground Beef,Cattle,mdf(A),SRR9002403,SAMN11372917,NULL,NULL,NULL,mdf(A),NULL,NULL,NULL,NULL,NULL,NULL,NULL
18GA03GB02EC,Retail_Meats,coli,2018,Retail Ground Beef,Cattle,mdf(A),SRR9996292,SAMN12587162,NULL,NULL,NULL,mdf(A),NULL,NULL,NULL,NULL,NULL,NULL,NULL
18GA03GB06EC,Retail_Meats,coli,2018,Retail Ground Beef,Cattle,mcr-9 mdf(A),SRR9002289,SAMN11372952,NULL,NULL,NULL,mdf(A),NULL,NULL,NULL,NULL,NULL,NULL,NULL
18GA04GB10EC,Retail_Meats,coli,2018,Retail Ground Beef,Cattle,mdf(A) tet(B),SRR9984675,SAMN12359662,NULL,NULL,NULL,mdf(A),NULL,NULL,NULL,tet(B),NULL,NULL,NULL
18GA06GB10EC,Retail_Meats,coli,2018,Retail Ground Beef,Cattle,aph(3``)-Ib aph(6)-Id mdf(A) sul2 tet(B),SRR9984903,SAMN12359735,aph(3``)-Ib  aph(6)-Id,NULL,NULL,mdf(A),NULL,NULL,sul2,tet(B),NULL,NULL,NULL
18GA08GB08EC,Retail_Meats,coli,2018,Retail Ground Beef,Cattle,mdf(A),SRR9984536,SAMN12359847,NULL,NULL,NULL,mdf(A),NULL,NULL,NULL,NULL,NULL,NULL,NULL
18GA12GB04EC,Retail_Meats,coli,2018,Retail Ground Beef,Cattle,mdf(A),SRR9852786,SAMN12359598,NULL,NULL,NULL,mdf(A),NULL,NULL,NULL,NULL,NULL,NULL,NULL
18IA02GB04EC,Retail_Meats,coli,2018,Retail Ground Beef,Cattle,mdf(A),SRR9002390,SAMN11372900,NULL,NULL,NULL,mdf(A),NULL,NULL,NULL,NULL,NULL,NULL,NULL
18IA02GB10EC,Retail_Meats,coli,2018,Retail Ground Beef,Cattle,mdf(A),SRR9002393,SAMN11372901,NULL,NULL,NULL,mdf(A),NULL,NULL,NULL,NULL,NULL,NULL,NULL
18IA04GB02EC,Retail_Meats,coli,2018,Retail Ground Beef,Cattle,mdf(A),SRR9984587,SAMN12359638,NULL,NULL,NULL,mdf(A),NULL,NULL,NULL,NULL,NULL,NULL,NULL
18IA05GB08EC,Retail_Meats,coli,2018,Retail Ground Beef,Cattle,mdf(A),SRR9984767,SAMN12359765,NULL,NULL,NULL,mdf(A),NULL,NULL,NULL,NULL,NULL,NULL,NULL
18IA06GB06EC,Retail_Meats,coli,2018,Retail Ground Beef,Cattle,mdf(A),SRR9984771,SAMN12359769,NULL,NULL,NULL,mdf(A),NULL,NULL,NULL,NULL,NULL,NULL,NULL
18IA07GB02EC,Retail_Meats,coli,2018,Retail Ground Beef,Cattle,mdf(A),SRR9984700,SAMN12359788,NULL,NULL,NULL,mdf(A),NULL,NULL,NULL,NULL,NULL,NULL,NULL
18IA07GB08EC,Retail_Meats,coli,2018,Retail Ground Beef,Cattle,mdf(A),SRR9984699,SAMN12359789,NULL,NULL,NULL,mdf(A),NULL,NULL,NULL,NULL,NULL,NULL,NULL
18IA08GB08EC,Retail_Meats,coli,2018,Retail Ground Beef,Cattle,fosA7 mdf(A),SRR9984682,SAMN12359900,NULL,NULL,NULL,mdf(A),NULL,NULL,NULL,NULL,NULL,NULL,NULL
18IA09GB04EC,Retail_Meats,coli,2018,Retail Ground Beef,Cattle,mdf(A),SRR9984798,SAMN12359904,NULL,NULL,NULL,mdf(A),NULL,NULL,NULL,NULL,NULL,NULL,NULL
18IA10GB08EC,Retail_Meats,coli,2018,Retail Ground Beef,Cattle,mdf(A),SRR9984539,SAMN12359953,NULL,NULL,NULL,mdf(A),NULL,NULL,NULL,NULL,NULL,NULL,NULL
18IA12GB02EC,Retail_Meats,coli,2018,Retail Ground Beef,Cattle,aph(3``)-Ib aph(3`)-IIa aph(6)-Ic aph(6)-Id mdf(A) sul1 tet(C),SRR9852811,SAMN12359594,aph(3``)-Ib  aph(3`)-IIa  aph(6)-Ic  aph(6)-Id,NULL,NULL,mdf(A),NULL,NULL,sul1,tet(C),NULL,NULL,NULL
18KS01GB02EC,Retail_Meats,coli,2018,Retail Ground Beef,Cattle,mdf(A),SRR9002344,SAMN11372873,NULL,NULL,NULL,mdf(A),NULL,NULL,NULL,NULL,NULL,NULL,NULL
18KS03GB02EC,Retail_Meats,coli,2018,Retail Ground Beef,Cattle,mdf(A),SRR9984599,SAMN12359647,NULL,NULL,NULL,mdf(A),NULL,NULL,NULL,NULL,NULL,NULL,NULL
18KS03GB08EC,Retail_Meats,coli,2018,Retail Ground Beef,Cattle,mdf(A),SRR9984927,SAMN12359648,NULL,NULL,NULL,mdf(A),NULL,NULL,NULL,NULL,NULL,NULL,NULL
18KS05GB02EC,Retail_Meats,coli,2018,Retail Ground Beef,Cattle,mdf(A),SRR9984731,SAMN12359685,NULL,NULL,NULL,mdf(A),NULL,NULL,NULL,NULL,NULL,NULL,NULL
18KS05GB08EC,Retail_Meats,coli,2018,Retail Ground Beef,Cattle,fosA7 mdf(A),SRR9984734,SAMN12359686,NULL,NULL,NULL,mdf(A),NULL,NULL,NULL,NULL,NULL,NULL,NULL
18KS06GB04EC,Retail_Meats,coli,2018,Retail Ground Beef,Cattle,mdf(A),SRR9996284,SAMN12587170,NULL,NULL,NULL,mdf(A),NULL,NULL,NULL,NULL,NULL,NULL,NULL
18KS07GB06EC,Retail_Meats,coli,2018,Retail Ground Beef,Cattle,mdf(A),SRR9984649,SAMN12359810,NULL,NULL,NULL,mdf(A),NULL,NULL,NULL,NULL,NULL,NULL,NULL
18KS08GB08EC,Retail_Meats,coli,2018,Retail Ground Beef,Cattle,mdf(A) tet(B),SRR9984727,SAMN12359877,NULL,NULL,NULL,mdf(A),NULL,NULL,NULL,tet(B),NULL,NULL,NULL
18KS09GB04EC,Retail_Meats,coli,2018,Retail Ground Beef,Cattle,ant(3``)-Ia mdf(A) tet(A) tet(S/M),SRR9984625,SAMN12359883,ant(3``)-Ia,NULL,NULL,mdf(A),NULL,NULL,NULL,tet(A)  tet(S/M),NULL,NULL,NULL
18KS09GB08EC,Retail_Meats,coli,2018,Retail Ground Beef,Cattle,mdf(A),SRR9984939,SAMN12359884,NULL,NULL,NULL,mdf(A),NULL,NULL,NULL,NULL,NULL,NULL,NULL
18KS10GB02EC,Retail_Meats,coli,2018,Retail Ground Beef,Cattle,mdf(A),SRR9984521,SAMN12360042,NULL,NULL,NULL,mdf(A),NULL,NULL,NULL,NULL,NULL,NULL,NULL
18KS10GB06EC,Retail_Meats,coli,2018,Retail Ground Beef,Cattle,aph(3``)-Ib aph(6)-Id mdf(A) tet(A),SRR9852828,SAMN12359546,aph(3``)-Ib  aph(6)-Id,NULL,NULL,mdf(A),NULL,NULL,NULL,tet(A),NULL,NULL,NULL
18KS11GB10EC,Retail_Meats,coli,2018,Retail Ground Beef,Cattle,mdf(A),SRR9852830,SAMN12359552,NULL,NULL,NULL,mdf(A),NULL,NULL,NULL,NULL,NULL,NULL,NULL
18KS12GB02EC,Retail_Meats,coli,2018,Retail Ground Beef,Cattle,mdf(A) qnrB5 tet(A),SRR9852776,SAMN12359556,NULL,NULL,NULL,mdf(A),NULL,qnrB5,NULL,tet(A),NULL,NULL,NULL
18KS12GB06EC,Retail_Meats,coli,2018,Retail Ground Beef,Cattle,mdf(A),SRR9852773,SAMN12359557,NULL,NULL,NULL,mdf(A),NULL,NULL,NULL,NULL,NULL,NULL,NULL
18MD03GB07EC,Retail_Meats,coli,2018,Retail Ground Beef,Cattle,mdf(A),SRR9002284,SAMN11372957,NULL,NULL,NULL,mdf(A),NULL,NULL,NULL,NULL,NULL,NULL,NULL
18MD04GB01EC,Retail_Meats,coli,2018,Retail Ground Beef,Cattle,mdf(A),SRR9852807,SAMN12359539,NULL,NULL,NULL,mdf(A),NULL,NULL,NULL,NULL,NULL,NULL,NULL
18MD04GB05EC,Retail_Meats,coli,2018,Retail Ground Beef,Cattle,mdf(A),SRR9852806,SAMN12359540,NULL,NULL,NULL,mdf(A),NULL,NULL,NULL,NULL,NULL,NULL,NULL
18MD06GB01EC,Retail_Meats,coli,2018,Retail Ground Beef,Cattle,mdf(A),SRR9984617,SAMN12359780,NULL,NULL,NULL,mdf(A),NULL,NULL,NULL,NULL,NULL,NULL,NULL
18MD06GB09EC,Retail_Meats,coli,2018,Retail Ground Beef,Cattle,mdf(A),SRR9984618,SAMN12359781,NULL,NULL,NULL,mdf(A),NULL,NULL,NULL,NULL,NULL,NULL,NULL
18MD10GB01EC,Retail_Meats,coli,2018,Retail Ground Beef,Cattle,mdf(A),SRR9984601,SAMN12360017,NULL,NULL,NULL,mdf(A),NULL,NULL,NULL,NULL,NULL,NULL,NULL
18MD12GB01EC,Retail_Meats,coli,2018,Retail Ground Beef,Cattle,mdf(A),SRR9852813,SAMN12359605,NULL,NULL,NULL,mdf(A),NULL,NULL,NULL,NULL,NULL,NULL,NULL
18NC01GB02EC,Retail_Meats,coli,2018,Retail Ground Beef,Cattle,mdf(A),SRR9002275,SAMN11372843,NULL,NULL,NULL,mdf(A),NULL,NULL,NULL,NULL,NULL,NULL,NULL
18NC02GB06EC,Retail_Meats,coli,2018,Retail Ground Beef,Cattle,mdf(A),SRR9002353,SAMN11372883,NULL,NULL,NULL,mdf(A),NULL,NULL,NULL,NULL,NULL,NULL,NULL
18NC03GB04EC,Retail_Meats,coli,2018,Retail Ground Beef,Cattle,mdf(A),SRR9996291,SAMN12587163,NULL,NULL,NULL,mdf(A),NULL,NULL,NULL,NULL,NULL,NULL,NULL
18NC05GB10EC,Retail_Meats,coli,2018,Retail Ground Beef,Cattle,mdf(A) tet(B),SRR9984743,SAMN12359711,NULL,NULL,NULL,mdf(A),NULL,NULL,NULL,tet(B),NULL,NULL,NULL
18NC06GB02EC,Retail_Meats,coli,2018,Retail Ground Beef,Cattle,mdf(A),SRR9984880,SAMN12359747,NULL,NULL,NULL,mdf(A),NULL,NULL,NULL,NULL,NULL,NULL,NULL
18NC08GB06EC,Retail_Meats,coli,2018,Retail Ground Beef,Cattle,aph(3``)-Ib aph(6)-Id blaTEM-1B mdf(A) tet(B),SRR9984718,SAMN12359865,aph(3``)-Ib  aph(6)-Id,blaTEM-1B,NULL,mdf(A),NULL,NULL,NULL,tet(B),NULL,NULL,NULL
18NC09GB10EC,Retail_Meats,coli,2018,Retail Ground Beef,Cattle,aph(3``)-Ib aph(6)-Id mdf(A) sul2 tet(B),SRR9984690,SAMN12359922,aph(3``)-Ib  aph(6)-Id,NULL,NULL,mdf(A),NULL,NULL,sul2,tet(B),NULL,NULL,NULL
18NC11GB06EC,Retail_Meats,coli,2018,Retail Ground Beef,Cattle,mdf(A) tet(C),SRR9984560,SAMN12359990,NULL,NULL,NULL,mdf(A),NULL,NULL,NULL,tet(C),NULL,NULL,NULL
18NC12GB08EC,Retail_Meats,coli,2018,Retail Ground Beef,Cattle,mdf(A) tet(A),SRR9852789,SAMN12359575,NULL,NULL,NULL,mdf(A),NULL,NULL,NULL,tet(A),NULL,NULL,NULL
18OR02GB07EC,Retail_Meats,coli,2018,Retail Ground Beef,Cattle,mdf(A),SRR9002302,SAMN11372907,NULL,NULL,NULL,mdf(A),NULL,NULL,NULL,NULL,NULL,NULL,NULL
18OR06GB05EC,Retail_Meats,coli,2018,Retail Ground Beef,Cattle,mdf(A),SRR9984789,SAMN12359738,NULL,NULL,NULL,mdf(A),NULL,NULL,NULL,NULL,NULL,NULL,NULL
18OR09GB01EC,Retail_Meats,coli,2018,Retail Ground Beef,Cattle,mdf(A),SRR9984796,SAMN12359906,NULL,NULL,NULL,mdf(A),NULL,NULL,NULL,NULL,NULL,NULL,NULL
18OR09GB05EC,Retail_Meats,coli,2018,Retail Ground Beef,Cattle,mdf(A),SRR9984797,SAMN12359907,NULL,NULL,NULL,mdf(A),NULL,NULL,NULL,NULL,NULL,NULL,NULL
18OR10GB01EC,Retail_Meats,coli,2018,Retail Ground Beef,Cattle,aph(3``)-Ib aph(6)-Id mdf(A) sul2 tet(A) tet(B),SRR9984896,SAMN12359967,aph(3``)-Ib  aph(6)-Id,NULL,NULL,mdf(A),NULL,NULL,sul2,tet(A)  tet(B),NULL,NULL,NULL
18OR12GB01EC,Retail_Meats,coli,2018,Retail Ground Beef,Cattle,mdf(A),SRR9852778,SAMN12359562,NULL,NULL,NULL,mdf(A),NULL,NULL,NULL,NULL,NULL,NULL,NULL
18PA01GB10EC,Retail_Meats,coli,2018,Retail Ground Beef,Cattle,aph(3``)-Ib aph(6)-Id mdf(A) sul2 tet(B),SRR9984788,SAMN12359622,aph(3``)-Ib  aph(6)-Id,NULL,NULL,mdf(A),NULL,NULL,sul2,tet(B),NULL,NULL,NULL
18PA02GB08EC,Retail_Meats,coli,2018,Retail Ground Beef,Cattle,mdf(A),SRR9984822,SAMN12359675,NULL,NULL,NULL,mdf(A),NULL,NULL,NULL,NULL,NULL,NULL,NULL
18PA03GB03EC,Retail_Meats,coli,2018,Retail Ground Beef,Cattle,mdf(A),SRR9984826,SAMN12359679,NULL,NULL,NULL,mdf(A),NULL,NULL,NULL,NULL,NULL,NULL,NULL
18PA04GB10EC,Retail_Meats,coli,2018,Retail Ground Beef,Cattle,mdf(A),SRR9984808,SAMN12359762,NULL,NULL,NULL,mdf(A),NULL,NULL,NULL,NULL,NULL,NULL,NULL
18PA06GB02EC,Retail_Meats,coli,2018,Retail Ground Beef,Cattle,aph(3``)-Ib aph(6)-Id floR mdf(A) sul2 tet(A),SRR9984754,SAMN12359926,aph(3``)-Ib  aph(6)-Id,NULL,NULL,mdf(A),NULL,NULL,sul2,tet(A),NULL,floR,NULL
18PA06GB10EC,Retail_Meats,coli,2018,Retail Ground Beef,Cattle,mdf(A),SRR9984753,SAMN12359927,NULL,NULL,NULL,mdf(A),NULL,NULL,NULL,NULL,NULL,NULL,NULL
18PA07GB07EC,Retail_Meats,coli,2018,Retail Ground Beef,Cattle,mdf(A) tet(B),SRR9984844,SAMN12359937,NULL,NULL,NULL,mdf(A),NULL,NULL,NULL,tet(B),NULL,NULL,NULL
18PA08GB01EC,Retail_Meats,coli,2018,Retail Ground Beef,Cattle,mdf(A),SRR9984839,SAMN12359940,NULL,NULL,NULL,mdf(A),NULL,NULL,NULL,NULL,NULL,NULL,NULL
18PA08GB05EC,Retail_Meats,coli,2018,Retail Ground Beef,Cattle,mdf(A),SRR9984840,SAMN12359941,NULL,NULL,NULL,mdf(A),NULL,NULL,NULL,NULL,NULL,NULL,NULL
18PA09GB03EC,Retail_Meats,coli,2018,Retail Ground Beef,Cattle,mdf(A),SRR9984728,SAMN12360003,NULL,NULL,NULL,mdf(A),NULL,NULL,NULL,NULL,NULL,NULL,NULL
18PA09GB05EC,Retail_Meats,coli,2018,Retail Ground Beef,Cattle,mdf(A),SRR9984710,SAMN12360004,NULL,NULL,NULL,mdf(A),NULL,NULL,NULL,NULL,NULL,NULL,NULL
18PA11GB05EC,Retail_Meats,coli,2018,Retail Ground Beef,Cattle,mdf(A),SRR9852840,SAMN12359586,NULL,NULL,NULL,mdf(A),NULL,NULL,NULL,NULL,NULL,NULL,NULL
18PA12GB03EC,Retail_Meats,coli,2018,Retail Ground Beef,Cattle,mdf(A),SRR9852766,SAMN12359590,NULL,NULL,NULL,mdf(A),NULL,NULL,NULL,NULL,NULL,NULL,NULL
18SC01GB02EC,Retail_Meats,coli,2018,Retail Ground Beef,Cattle,mdf(A),SRR9002363,SAMN11372837,NULL,NULL,NULL,mdf(A),NULL,NULL,NULL,NULL,NULL,NULL,NULL
18SC01GB06EC,Retail_Meats,coli,2018,Retail Ground Beef,Cattle,mdf(A),SRR9002366,SAMN11372838,NULL,NULL,NULL,mdf(A),NULL,NULL,NULL,NULL,NULL,NULL,NULL
18SC02GB02EC,Retail_Meats,coli,2018,Retail Ground Beef,Cattle,mdf(A) tet(B),SRR9002349,SAMN11372887,NULL,NULL,NULL,mdf(A),NULL,NULL,NULL,tet(B),NULL,NULL,NULL
18SC02GB08EC,Retail_Meats,coli,2018,Retail Ground Beef,Cattle,aph(3``)-Ib aph(6)-Id floR GyrA (S83L) mdf(A) sul2 tet(A),SRR9002346,SAMN11372888,aph(3``)-Ib  aph(6)-Id,NULL,NULL,mdf(A),NULL,GyrA (S83L),sul2,tet(A),NULL,floR,NULL
18SC04GB04EC,Retail_Meats,coli,2018,Retail Ground Beef,Cattle,mdf(A),SRR9984740,SAMN12359692,NULL,NULL,NULL,mdf(A),NULL,NULL,NULL,NULL,NULL,NULL,NULL
18SC04GB08EC,Retail_Meats,coli,2018,Retail Ground Beef,Cattle,mdf(A),SRR9984739,SAMN12359693,NULL,NULL,NULL,mdf(A),NULL,NULL,NULL,NULL,NULL,NULL,NULL
18SC05GB02EC,Retail_Meats,coli,2018,Retail Ground Beef,Cattle,mdf(A),SRR9984838,SAMN12359701,NULL,NULL,NULL,mdf(A),NULL,NULL,NULL,NULL,NULL,NULL,NULL
18SC05GB06EC,Retail_Meats,coli,2018,Retail Ground Beef,Cattle,mdf(A),SRR9984829,SAMN12359702,NULL,NULL,NULL,mdf(A),NULL,NULL,NULL,NULL,NULL,NULL,NULL
18SC06GB06EC,Retail_Meats,coli,2018,Retail Ground Beef,Cattle,mdf(A),SRR9984888,SAMN12359753,NULL,NULL,NULL,mdf(A),NULL,NULL,NULL,NULL,NULL,NULL,NULL
18SC06GB08EC,Retail_Meats,coli,2018,Retail Ground Beef,Cattle,mdf(A),SRR9984802,SAMN12359754,NULL,NULL,NULL,mdf(A),NULL,NULL,NULL,NULL,NULL,NULL,NULL
18SC07GB08EC,Retail_Meats,coli,2018,Retail Ground Beef,Cattle,ant(3``)-Ia mdf(A) tet(C),SRR9984636,SAMN12359819,ant(3``)-Ia,NULL,NULL,mdf(A),NULL,NULL,NULL,tet(C),NULL,NULL,NULL
18SC08GB06EC,Retail_Meats,coli,2018,Retail Ground Beef,Cattle,mdf(A) tet(A),SRR9984722,SAMN12359869,NULL,NULL,NULL,mdf(A),NULL,NULL,NULL,tet(A),NULL,NULL,NULL
18SC10GB04EC,Retail_Meats,coli,2018,Retail Ground Beef,Cattle,mdf(A),SRR9984634,SAMN12359978,NULL,NULL,NULL,mdf(A),NULL,NULL,NULL,NULL,NULL,NULL,NULL
18SC10GB10EC,Retail_Meats,coli,2018,Retail Ground Beef,Cattle,mdf(A),SRR9984635,SAMN12359979,NULL,NULL,NULL,mdf(A),NULL,NULL,NULL,NULL,NULL,NULL,NULL
18SC11GB04EC,Retail_Meats,coli,2018,Retail Ground Beef,Cattle,mdf(A) tet(A),SRR9852821,SAMN12359567,NULL,NULL,NULL,mdf(A),NULL,NULL,NULL,tet(A),NULL,NULL,NULL
18SC11GB06EC,Retail_Meats,coli,2018,Retail Ground Beef,Cattle,aadA2 aph(3``)-Ib aph(6)-Id dfrA12 floR GyrA (D87N) GyrA (S83L) mdf(A) sul1 sul2 tet(A),SRR9996267,SAMN12587178,aadA2  aph(3``)-Ib  aph(6)-Id,NULL,NULL,mdf(A),NULL,"GyrA (S83L), (D87N)",sul1  sul2,tet(A),dfrA12,floR,NULL
18SC12GB04EC,Retail_Meats,coli,2018,Retail Ground Beef,Cattle,aph(3``)-Ib aph(6)-Id blaTEM-1B mdf(A) tet(B),SRR9852825,SAMN12359571,aph(3``)-Ib  aph(6)-Id,blaTEM-1B,NULL,mdf(A),NULL,NULL,NULL,tet(B),NULL,NULL,NULL
18SD05GB06EC,Retail_Meats,coli,2018,Retail Ground Beef,Cattle,mdf(A),SRR9984836,SAMN12359699,NULL,NULL,NULL,mdf(A),NULL,NULL,NULL,NULL,NULL,NULL,NULL
18SD06GB08EC,Retail_Meats,coli,2018,Retail Ground Beef,Cattle,mdf(A),SRR9984806,SAMN12359758,NULL,NULL,NULL,mdf(A),NULL,NULL,NULL,NULL,NULL,NULL,NULL
18SD07GB02EC,Retail_Meats,coli,2018,Retail Ground Beef,Cattle,mdf(A),SRR9984645,SAMN12359822,NULL,NULL,NULL,mdf(A),NULL,NULL,NULL,NULL,NULL,NULL,NULL
18SD07GB06EC,Retail_Meats,coli,2018,Retail Ground Beef,Cattle,mdf(A),SRR9984644,SAMN12359823,NULL,NULL,NULL,mdf(A),NULL,NULL,NULL,NULL,NULL,NULL,NULL
18SD08GB06EC,Retail_Meats,coli,2018,Retail Ground Beef,Cattle,ant(3``)-Ia fosA7 mdf(A),SRR9984922,SAMN12359839,ant(3``)-Ia,NULL,NULL,mdf(A),NULL,NULL,NULL,NULL,NULL,NULL,NULL
18SD09GB02EC,Retail_Meats,coli,2018,Retail Ground Beef,Cattle,mdf(A) tet(C),SRR9984867,SAMN12359930,NULL,NULL,NULL,mdf(A),NULL,NULL,NULL,tet(C),NULL,NULL,NULL
18SD09GB06EC,Retail_Meats,coli,2018,Retail Ground Beef,Cattle,mdf(A),SRR9984757,SAMN12359931,NULL,NULL,NULL,mdf(A),NULL,NULL,NULL,NULL,NULL,NULL,NULL
18SD10GB06EC,Retail_Meats,coli,2018,Retail Ground Beef,Cattle,ant(3``)-Ia aph(3``)-Ib aph(6)-Id mdf(A) sul2 tet(A),SRR9984555,SAMN12359987,ant(3``)-Ia  aph(3``)-Ib  aph(6)-Id,NULL,NULL,mdf(A),NULL,NULL,sul2,tet(A),NULL,NULL,NULL
18SD11GB02EC,Retail_Meats,coli,2018,Retail Ground Beef,Cattle,mdf(A),SRR9984711,SAMN12360011,NULL,NULL,NULL,mdf(A),NULL,NULL,NULL,NULL,NULL,NULL,NULL
18SD11GB10EC,Retail_Meats,coli,2018,Retail Ground Beef,Cattle,mdf(A),SRR9984688,SAMN12360012,NULL,NULL,NULL,mdf(A),NULL,NULL,NULL,NULL,NULL,NULL,NULL
18TN01GB06EC,Retail_Meats,coli,2018,Retail Ground Beef,Cattle,aph(3``)-Ib aph(6)-Id mdf(A) sul2 tet(B),SRR9002322,SAMN11372931,aph(3``)-Ib  aph(6)-Id,NULL,NULL,mdf(A),NULL,NULL,sul2,tet(B),NULL,NULL,NULL
18TN03GB02EC,Retail_Meats,coli,2018,Retail Ground Beef,Cattle,aph(3``)-Ib aph(6)-Id mdf(A) sul2 tet(B),SRR9002357,SAMN11372929,aph(3``)-Ib  aph(6)-Id,NULL,NULL,mdf(A),NULL,NULL,sul2,tet(B),NULL,NULL,NULL
18TN04GB02EC,Retail_Meats,coli,2018,Retail Ground Beef,Cattle,mdf(A),SRR9984674,SAMN12359657,NULL,NULL,NULL,mdf(A),NULL,NULL,NULL,NULL,NULL,NULL,NULL
18TN04GB08EC,Retail_Meats,coli,2018,Retail Ground Beef,Cattle,mdf(A),SRR9984598,SAMN12359644,NULL,NULL,NULL,mdf(A),NULL,NULL,NULL,NULL,NULL,NULL,NULL
18TN05GB04EC,Retail_Meats,coli,2018,Retail Ground Beef,Cattle,mdf(A),SRR9852802,SAMN12359536,NULL,NULL,NULL,mdf(A),NULL,NULL,NULL,NULL,NULL,NULL,NULL
18TN05GB05EC,Retail_Meats,coli,2018,Retail Ground Beef,Cattle,ant(3``)-Ia mdf(A),SRR9984748,SAMN12359706,ant(3``)-Ia,NULL,NULL,mdf(A),NULL,NULL,NULL,NULL,NULL,NULL,NULL
18TN06GB01EC,Retail_Meats,coli,2018,Retail Ground Beef,Cattle,mdf(A),SRR9984697,SAMN12359791,NULL,NULL,NULL,mdf(A),NULL,NULL,NULL,NULL,NULL,NULL,NULL
18TN07GB05EC,Retail_Meats,coli,2018,Retail Ground Beef,Cattle,mdf(A),SRR9984874,SAMN12359794,NULL,NULL,NULL,mdf(A),NULL,NULL,NULL,NULL,NULL,NULL,NULL
18TN08GB02EC,Retail_Meats,coli,2018,Retail Ground Beef,Cattle,mdf(A),SRR9984865,SAMN12359851,NULL,NULL,NULL,mdf(A),NULL,NULL,NULL,NULL,NULL,NULL,NULL
18TN09GB02EC,Retail_Meats,coli,2018,Retail Ground Beef,Cattle,mdf(A),SRR9984686,SAMN12359896,NULL,NULL,NULL,mdf(A),NULL,NULL,NULL,NULL,NULL,NULL,NULL
18TN10GB01KEC,Retail_Meats,coli,2018,Retail Ground Beef,Cattle,mdf(A),SRR9984894,SAMN12359969,NULL,NULL,NULL,mdf(A),NULL,NULL,NULL,NULL,NULL,NULL,NULL
18TN11GB03KEC,Retail_Meats,coli,2018,Retail Ground Beef,Cattle,mdf(A),SRR9984630,SAMN12359974,NULL,NULL,NULL,mdf(A),NULL,NULL,NULL,NULL,NULL,NULL,NULL
18TN12GB05KEC,Retail_Meats,coli,2018,Retail Ground Beef,Cattle,mdf(A),SRR9984603,SAMN12360015,NULL,NULL,NULL,mdf(A),NULL,NULL,NULL,NULL,NULL,NULL,NULL
18TX01GB07EC,Retail_Meats,coli,2018,Retail Ground Beef,Cattle,mdf(A),SRR9002376,SAMN11372855,NULL,NULL,NULL,mdf(A),NULL,NULL,NULL,NULL,NULL,NULL,NULL
18TX02GB03EC,Retail_Meats,coli,2018,Retail Ground Beef,Cattle,mdf(A),SRR9002319,SAMN11372894,NULL,NULL,NULL,mdf(A),NULL,NULL,NULL,NULL,NULL,NULL,NULL
18TX02GB05EC,Retail_Meats,coli,2018,Retail Ground Beef,Cattle,ant(3``)-Ia mdf(A),SRR9002305,SAMN11372895,ant(3``)-Ia,NULL,NULL,mdf(A),NULL,NULL,NULL,NULL,NULL,NULL,NULL
18TX03GB03EC,Retail_Meats,coli,2018,Retail Ground Beef,Cattle,mdf(A),SRR9002329,SAMN11372936,NULL,NULL,NULL,mdf(A),NULL,NULL,NULL,NULL,NULL,NULL,NULL
18TX06GB09EC,Retail_Meats,coli,2018,Retail Ground Beef,Cattle,mdf(A),SRR9984906,SAMN12359742,NULL,NULL,NULL,mdf(A),NULL,NULL,NULL,NULL,NULL,NULL,NULL
18TX08GB03EC,Retail_Meats,coli,2018,Retail Ground Beef,Cattle,mdf(A),SRR9984816,SAMN12359857,NULL,NULL,NULL,mdf(A),NULL,NULL,NULL,NULL,NULL,NULL,NULL
18TX08GB07EC,Retail_Meats,coli,2018,Retail Ground Beef,Cattle,mdf(A),SRR9984819,SAMN12359858,NULL,NULL,NULL,mdf(A),NULL,NULL,NULL,NULL,NULL,NULL,NULL
18TX09GB03EC,Retail_Meats,coli,2018,Retail Ground Beef,Cattle,mdf(A),SRR9984665,SAMN12359892,NULL,NULL,NULL,mdf(A),NULL,NULL,NULL,NULL,NULL,NULL,NULL
18TX09GB09EC,Retail_Meats,coli,2018,Retail Ground Beef,Cattle,mdf(A),SRR9984666,SAMN12359893,NULL,NULL,NULL,mdf(A),NULL,NULL,NULL,NULL,NULL,NULL,NULL
18TX11GB01EC,Retail_Meats,coli,2018,Retail Ground Beef,Cattle,aph(3``)-Ib aph(6)-Id mdf(A) tet(A),SRR9984597,SAMN12360024,aph(3``)-Ib  aph(6)-Id,NULL,NULL,mdf(A),NULL,NULL,NULL,tet(A),NULL,NULL,NULL
18TX11GB05EC,Retail_Meats,coli,2018,Retail Ground Beef,Cattle,aph(3``)-Ib aph(6)-Id blaTEM-1A floR mdf(A) sul2 tet(C),SRR9984694,SAMN12360025,aph(3``)-Ib  aph(6)-Id,blaTEM-1A,NULL,mdf(A),NULL,NULL,sul2,tet(C),NULL,floR,NULL
18TX12GB09EC,Retail_Meats,coli,2018,Retail Ground Beef,Cattle,mdf(A),SRR9984595,SAMN12360030,NULL,NULL,NULL,mdf(A),NULL,NULL,NULL,NULL,NULL,NULL,NULL
19CA01GB10 UCD EC E.EC,Retail_Meats,coli,2019,Retail Ground Beef,Cattle,mdf(A),SRR12849884,SAMN16484108,NULL,NULL,NULL,mdf(A),NULL,NULL,NULL,NULL,NULL,NULL,NULL
19CO01GB05-ECEC,Retail_Meats,coli,2019,Retail Ground Beef,Cattle,mdf(A),SRR16643269,SAMN22785479,NULL,NULL,NULL,mdf(A),NULL,NULL,NULL,NULL,NULL,NULL,NULL
19CO01GB10-ECEC,Retail_Meats,coli,2019,Retail Ground Beef,Cattle,aph(3``)-Ib aph(6)-Id mdf(A) sul2 tet(B),SRR12705000,SAMN10948831,aph(3``)-Ib  aph(6)-Id,NULL,NULL,mdf(A),NULL,NULL,sul2,tet(B),NULL,NULL,NULL
19CO02GB01-ECEC,Retail_Meats,coli,2019,Retail Ground Beef,Cattle,blaTEM-1B mdf(A) tet(B),SRR12849823,SAMN16484111,ant(3``)-Ia,NULL,NULL,mdf(A),NULL,NULL,NULL,tet(B),NULL,NULL,NULL
19CO02GB10-ECEC,Retail_Meats,coli,2019,Retail Ground Beef,Cattle,mdf(A),SRR10375102,SAMN13162517,NULL,NULL,NULL,mdf(A),NULL,NULL,NULL,NULL,NULL,NULL,NULL
19CO03GB06-ECEC,Retail_Meats,coli,2019,Retail Ground Beef,Cattle,mdf(A),SRR10302653,SAMN13051357,NULL,NULL,NULL,mdf(A),NULL,NULL,NULL,NULL,NULL,NULL,NULL
19CO04GB02-ECEC,Retail_Meats,coli,2019,Retail Ground Beef,Cattle,mdf(A),SRR10380836,SAMN13172699,NULL,NULL,NULL,mdf(A),NULL,NULL,NULL,NULL,NULL,NULL,NULL
19CO04GB08-ECEC,Retail_Meats,coli,2019,Retail Ground Beef,Cattle,mdf(A),SRR10325493,SAMN13087300,NULL,NULL,NULL,mdf(A),NULL,NULL,NULL,NULL,NULL,NULL,NULL
19CO04GB10-ECEC,Retail_Meats,coli,2019,Retail Ground Beef,Cattle,mdf(A),SRR10380935,SAMN13172859,NULL,NULL,NULL,mdf(A),NULL,NULL,NULL,NULL,NULL,NULL,NULL
19CO05GB04-ECEC,Retail_Meats,coli,2019,Retail Ground Beef,Cattle,mdf(A),SRR10325512,SAMN13087304,NULL,NULL,NULL,mdf(A),NULL,NULL,NULL,NULL,NULL,NULL,NULL
19CO05GB10-ECEC,Retail_Meats,coli,2019,Retail Ground Beef,Cattle,mdf(A),SRR10325508,SAMN13087305,NULL,NULL,NULL,mdf(A),NULL,NULL,NULL,NULL,NULL,NULL,NULL
19CO06GB02-ECEC,Retail_Meats,coli,2019,Retail Ground Beef,Cattle,aph(3``)-Ib aph(6)-Id mdf(A) sul2 tet(B),SRR12705061,SAMN16245119,aph(3``)-Ib  aph(6)-Id,NULL,NULL,mdf(A),NULL,NULL,sul2,tet(B),NULL,NULL,NULL
19CO06GB06-ECEC,Retail_Meats,coli,2019,Retail Ground Beef,Cattle,mdf(A) tet(C),SRR12705050,SAMN16245120,NULL,NULL,NULL,mdf(A),NULL,NULL,NULL,tet(C),NULL,NULL,NULL
19CO06GB08-ECEC,Retail_Meats,coli,2019,Retail Ground Beef,Cattle,mdf(A),SRR12705039,SAMN16245121,NULL,NULL,NULL,mdf(A),NULL,NULL,NULL,NULL,NULL,NULL,NULL
19CO06GB10-ECEC,Retail_Meats,coli,2019,Retail Ground Beef,Cattle,mdf(A) tet(C),SRR12705028,SAMN16245122,NULL,NULL,NULL,mdf(A),NULL,NULL,NULL,tet(C),NULL,NULL,NULL
19CO08GB02-ECEC,Retail_Meats,coli,2019,Retail Ground Beef,Cattle,mdf(A),SRR10437475,SAMN13279657,NULL,NULL,NULL,mdf(A),NULL,NULL,NULL,NULL,NULL,NULL,NULL
19CO08GB04-ECEC,Retail_Meats,coli,2019,Retail Ground Beef,Cattle,mdf(A),SRR10436925,SAMN13279658,NULL,NULL,NULL,mdf(A),NULL,NULL,NULL,NULL,NULL,NULL,NULL
19CO08GB10-ECEC,Retail_Meats,coli,2019,Retail Ground Beef,Cattle,mdf(A),SRR12704914,SAMN16245166,NULL,NULL,NULL,mdf(A),NULL,NULL,NULL,NULL,NULL,NULL,NULL
19CO09GB05-ECEC,Retail_Meats,coli,2019,Retail Ground Beef,Cattle,mdf(A),SRR10437495,SAMN13279647,NULL,NULL,NULL,mdf(A),NULL,NULL,NULL,NULL,NULL,NULL,NULL
19CO09GB06-ECEC,Retail_Meats,coli,2019,Retail Ground Beef,Cattle,mdf(A),SRR10437499,SAMN13279665,NULL,NULL,NULL,mdf(A),NULL,NULL,NULL,NULL,NULL,NULL,NULL
19CO09GB08-ECEC,Retail_Meats,coli,2019,Retail Ground Beef,Cattle,mdf(A),SRR10437474,SAMN13279680,NULL,NULL,NULL,mdf(A),NULL,NULL,NULL,NULL,NULL,NULL,NULL
19CO09GB10-ECEC,Retail_Meats,coli,2019,Retail Ground Beef,Cattle,mdf(A),SRR10437476,SAMN13279655,NULL,NULL,NULL,mdf(A),NULL,NULL,NULL,NULL,NULL,NULL,NULL
19CO10GB02-ECEC,Retail_Meats,coli,2019,Retail Ground Beef,Cattle,mdf(A),SRR10460982,SAMN13293925,NULL,NULL,NULL,mdf(A),NULL,NULL,NULL,NULL,NULL,NULL,NULL
19CO10GB08-ECEC,Retail_Meats,coli,2019,Retail Ground Beef,Cattle,mdf(A),SRR10460984,SAMN13293922,NULL,NULL,NULL,mdf(A),NULL,NULL,NULL,NULL,NULL,NULL,NULL
19CO11GB06-ECEC,Retail_Meats,coli,2019,Retail Ground Beef,Cattle,mdf(A),SRR12103167,SAMN15394812,NULL,NULL,NULL,mdf(A),NULL,NULL,NULL,NULL,NULL,NULL,NULL
19CO12GB02-ECEC,Retail_Meats,coli,2019,Retail Ground Beef,Cattle,mdf(A),SRR11729232,SAMN14850305,NULL,NULL,NULL,mdf(A),NULL,NULL,NULL,NULL,NULL,NULL,NULL
19CO12GB04-ECEC,Retail_Meats,coli,2019,Retail Ground Beef,Cattle,mdf(A) tet(A),SRR12849829,SAMN16484141,NULL,NULL,NULL,mdf(A),NULL,NULL,NULL,tet(A),NULL,NULL,NULL
19GA01GB02-ECEC,Retail_Meats,coli,2019,Retail Ground Beef,Cattle,mdf(A),SRR10687779,SAMN12943499,NULL,NULL,NULL,mdf(A),NULL,NULL,NULL,NULL,NULL,NULL,NULL
19GA01GB05-ECEC,Retail_Meats,coli,2019,Retail Ground Beef,Cattle,ant(3``)-Ia aph(3``)-Ib aph(6)-Id mdf(A) sul2 tet(A),SRR10687778,SAMN12943500,ant(3``)-Ia  aph(3``)-Ib  aph(6)-Id,NULL,NULL,mdf(A),NULL,NULL,sul2,tet(A),NULL,NULL,NULL
19GA01GB07-ECEC,Retail_Meats,coli,2019,Retail Ground Beef,Cattle,mdf(A),SRR10687777,SAMN12943501,NULL,NULL,NULL,mdf(A),NULL,NULL,NULL,NULL,NULL,NULL,NULL
19GA01GB09-ECEC,Retail_Meats,coli,2019,Retail Ground Beef,Cattle,mdf(A),SRR10687776,SAMN12943502,NULL,NULL,NULL,mdf(A),NULL,NULL,NULL,NULL,NULL,NULL,NULL
19GA02GB06-ECEC,Retail_Meats,coli,2019,Retail Ground Beef,Cattle,mdf(A),SRR10687917,SAMN12943598,NULL,NULL,NULL,NULL,NULL,mdf(A),NULL,NULL,NULL,NULL,NULL
19GA03GB04-ECEC,Retail_Meats,coli,2019,Retail Ground Beef,Cattle,aph(3``)-Ib aph(6)-Id mdf(A) tet(A),SRR10687847,SAMN12943719,aph(3``)-Ib  aph(6)-Id,NULL,NULL,mdf(A),NULL,NULL,NULL,tet(A),NULL,NULL,NULL
19GA03GB06-ECEC,Retail_Meats,coli,2019,Retail Ground Beef,Cattle,mdf(A),SRR10687846,SAMN12943720,NULL,NULL,NULL,mdf(A),NULL,NULL,NULL,NULL,NULL,NULL,NULL
19GA03GB10-ECEC,Retail_Meats,coli,2019,Retail Ground Beef,Cattle,mdf(A),SRR10687845,SAMN12943721,NULL,NULL,NULL,mdf(A),NULL,NULL,NULL,NULL,NULL,NULL,NULL
19GA05GB01-ECEC,Retail_Meats,coli,2019,Retail Ground Beef,Cattle,mdf(A),SRR11424072,SAMN14448420,NULL,NULL,NULL,mdf(A),NULL,NULL,NULL,NULL,NULL,NULL,NULL
19GA05GB02-ECEC,Retail_Meats,coli,2019,Retail Ground Beef,Cattle,mdf(A),SRR11424074,SAMN14448423,NULL,NULL,NULL,mdf(A),NULL,NULL,NULL,NULL,NULL,NULL,NULL
19GA05GB03-ECEC,Retail_Meats,coli,2019,Retail Ground Beef,Cattle,mdf(A),SRR11424075,SAMN14448422,NULL,NULL,NULL,mdf(A),NULL,NULL,NULL,NULL,NULL,NULL,NULL
19GA05GB04-ECEC,Retail_Meats,coli,2019,Retail Ground Beef,Cattle,mdf(A),SRR11424073,SAMN14448421,NULL,NULL,NULL,mdf(A),NULL,NULL,NULL,NULL,NULL,NULL,NULL
19GA05GB05-ECEC,Retail_Meats,coli,2019,Retail Ground Beef,Cattle,aph(3``)-Ib aph(6)-Id blaTEM-1A floR mdf(A) sul2 tet(A),SRR12704926,SAMN16245155,aph(3``)-Ib  aph(6)-Id,blaTEM-1A,NULL,mdf(A),NULL,NULL,sul2,tet(A),NULL,floR,NULL
19GA05GB06-ECEC,Retail_Meats,coli,2019,Retail Ground Beef,Cattle,mdf(A),SRR12704925,SAMN16245156,NULL,NULL,NULL,mdf(A),NULL,NULL,NULL,NULL,NULL,NULL,NULL
19GA05GB07-ECEC,Retail_Meats,coli,2019,Retail Ground Beef,Cattle,mdf(A),SRR12704924,SAMN16245157,NULL,NULL,NULL,mdf(A),NULL,NULL,NULL,NULL,NULL,NULL,NULL
19GA05GB08-ECEC,Retail_Meats,coli,2019,Retail Ground Beef,Cattle,mdf(A),SRR12704923,SAMN16245158,NULL,NULL,NULL,mdf(A),NULL,NULL,NULL,NULL,NULL,NULL,NULL
19GA05GB10-ECEC,Retail_Meats,coli,2019,Retail Ground Beef,Cattle,mdf(A),SRR12849849,SAMN16484123,NULL,NULL,NULL,mdf(A),NULL,NULL,NULL,NULL,NULL,NULL,NULL
19GA06GB01-ECEC,Retail_Meats,coli,2019,Retail Ground Beef,Cattle,mdf(A),SRR10231128,SAMN12912157,NULL,NULL,NULL,mdf(A),NULL,NULL,NULL,NULL,NULL,NULL,NULL
19GA06GB03-ECEC,Retail_Meats,coli,2019,Retail Ground Beef,Cattle,mdf(A),SRR12704976,SAMN12912156,NULL,NULL,NULL,mdf(A),NULL,NULL,NULL,NULL,NULL,NULL,NULL
19GA06GB04-ECEC,Retail_Meats,coli,2019,Retail Ground Beef,Cattle,mdf(A),SRR10231134,SAMN12912151,NULL,NULL,NULL,mdf(A),NULL,NULL,NULL,NULL,NULL,NULL,NULL
19GA06GB05-ECEC,Retail_Meats,coli,2019,Retail Ground Beef,Cattle,mdf(A),SRR10231132,SAMN12912144,NULL,NULL,NULL,mdf(A),NULL,NULL,NULL,NULL,NULL,NULL,NULL
19GA06GB06-ECEC,Retail_Meats,coli,2019,Retail Ground Beef,Cattle,mdf(A),SRR10231131,SAMN12912152,NULL,NULL,NULL,mdf(A),NULL,NULL,NULL,NULL,NULL,NULL,NULL
19GA06GB08-ECEC,Retail_Meats,coli,2019,Retail Ground Beef,Cattle,mdf(A),SRR10231201,SAMN12912166,NULL,NULL,NULL,mdf(A),NULL,NULL,NULL,NULL,NULL,NULL,NULL
19GA06GB09-ECEC,Retail_Meats,coli,2019,Retail Ground Beef,Cattle,mdf(A),SRR10231137,SAMN12912145,NULL,NULL,NULL,mdf(A),NULL,NULL,NULL,NULL,NULL,NULL,NULL
19GA06GB10-ECEC,Retail_Meats,coli,2019,Retail Ground Beef,Cattle,mdf(A),SRR10231117,SAMN12912143,NULL,NULL,NULL,mdf(A),NULL,NULL,NULL,NULL,NULL,NULL,NULL
19GA07GB01-ECEC,Retail_Meats,coli,2019,Retail Ground Beef,Cattle,mdf(A),SRR10231133,SAMN12912147,NULL,NULL,NULL,mdf(A),NULL,NULL,NULL,NULL,NULL,NULL,NULL
19GA07GB02-ECEC,Retail_Meats,coli,2019,Retail Ground Beef,Cattle,mdf(A),SRR10231130,SAMN12912150,NULL,NULL,NULL,mdf(A),NULL,NULL,NULL,NULL,NULL,NULL,NULL
19GA07GB05-ECEC,Retail_Meats,coli,2019,Retail Ground Beef,Cattle,mdf(A),SRR10231124,SAMN12912155,NULL,NULL,NULL,mdf(A),NULL,NULL,NULL,NULL,NULL,NULL,NULL
19GA07GB09-ECEC,Retail_Meats,coli,2019,Retail Ground Beef,Cattle,mdf(A),SRR10231127,SAMN12912148,NULL,NULL,NULL,mdf(A),NULL,NULL,NULL,NULL,NULL,NULL,NULL
19GA08GB03-ECEC,Retail_Meats,coli,2019,Retail Ground Beef,Cattle,mdf(A),SRR10247475,SAMN12995268,NULL,NULL,NULL,mdf(A),NULL,NULL,NULL,NULL,NULL,NULL,NULL
19GA08GB04-ECEC,Retail_Meats,coli,2019,Retail Ground Beef,Cattle,mdf(A),SRR10231122,SAMN12912141,NULL,NULL,NULL,mdf(A),NULL,NULL,NULL,NULL,NULL,NULL,NULL
19GA08GB05-ECEC,Retail_Meats,coli,2019,Retail Ground Beef,Cattle,mdf(A),SRR10247495,SAMN12995274,NULL,NULL,NULL,mdf(A),NULL,NULL,NULL,NULL,NULL,NULL,NULL
19GA08GB06-ECEC,Retail_Meats,coli,2019,Retail Ground Beef,Cattle,aph(3``)-Ib aph(6)-Id mdf(A) sul2 tet(B),SRR10247471,SAMN12995277,aph(3``)-Ib  aph(6)-Id,NULL,NULL,mdf(A),NULL,NULL,sul2,tet(B),NULL,NULL,NULL
19GA08GB10-ECEC,Retail_Meats,coli,2019,Retail Ground Beef,Cattle,mdf(A),SRR10247462,SAMN12995280,NULL,NULL,NULL,mdf(A),NULL,NULL,NULL,NULL,NULL,NULL,NULL
19GA09GB01-ECEC,Retail_Meats,coli,2019,Retail Ground Beef,Cattle,mdf(A) tet(C),SRR11424114,SAMN14448741,NULL,NULL,NULL,mdf(A),NULL,NULL,NULL,tet(C),NULL,NULL,NULL
19GA09GB02-ECEC,Retail_Meats,coli,2019,Retail Ground Beef,Cattle,mdf(A),SRR11424108,SAMN14448588,NULL,NULL,NULL,mdf(A),NULL,NULL,NULL,NULL,NULL,NULL,NULL
19GA09GB03-ECEC,Retail_Meats,coli,2019,Retail Ground Beef,Cattle,aph(3``)-Ib aph(6)-Id blaTEM-1A floR mdf(A) sul2 tet(A),SRR11424112,SAMN14448591,aph(3``)-Ib  aph(6)-Id,blaTEM-1A,NULL,mdf(A),NULL,NULL,sul2,tet(A),NULL,floR,NULL
19GA09GB04-ECEC,Retail_Meats,coli,2019,Retail Ground Beef,Cattle,mdf(A),SRR11424113,SAMN14448589,NULL,NULL,NULL,mdf(A),NULL,NULL,NULL,NULL,NULL,NULL,NULL
19GA09GB06-ECEC,Retail_Meats,coli,2019,Retail Ground Beef,Cattle,mdf(A),SRR11357736,SAMN14414513,NULL,NULL,NULL,mdf(A),NULL,NULL,NULL,NULL,NULL,NULL,NULL
19GA09GB07-ECEC,Retail_Meats,coli,2019,Retail Ground Beef,Cattle,mdf(A),SRR12705010,SAMN16245308,NULL,NULL,NULL,mdf(A),NULL,NULL,NULL,NULL,NULL,NULL,NULL
19GA09GB08-ECEC,Retail_Meats,coli,2019,Retail Ground Beef,Cattle,mdf(A) tet(B),SRR11357733,SAMN14414511,NULL,NULL,NULL,mdf(A),NULL,NULL,NULL,tet(B),NULL,NULL,NULL
19GA09GB09-ECEC,Retail_Meats,coli,2019,Retail Ground Beef,Cattle,mdf(A),SRR12705009,SAMN16245309,NULL,NULL,NULL,mdf(A),NULL,NULL,NULL,NULL,NULL,NULL,NULL
19GA09GB10-ECEC,Retail_Meats,coli,2019,Retail Ground Beef,Cattle,mdf(A) sul2 tet(B),SRR11424109,SAMN14448585,NULL,NULL,NULL,mdf(A),NULL,NULL,sul2,tet(B),NULL,NULL,NULL
19GA10GB03-ECEC,Retail_Meats,coli,2019,Retail Ground Beef,Cattle,mdf(A) tet(C),SRR10541940,SAMN13413555,NULL,NULL,NULL,mdf(A),NULL,NULL,NULL,tet(C),NULL,NULL,NULL
19GA10GB05-ECEC,Retail_Meats,coli,2019,Retail Ground Beef,Cattle,mdf(A),SRR10541928,SAMN13413561,NULL,NULL,NULL,mdf(A),NULL,NULL,NULL,NULL,NULL,NULL,NULL
19GA10GB07-ECEC,Retail_Meats,coli,2019,Retail Ground Beef,Cattle,mdf(A),SRR10541941,SAMN13413559,NULL,NULL,NULL,mdf(A),NULL,NULL,NULL,NULL,NULL,NULL,NULL
19GA11GB04-ECEC,Retail_Meats,coli,2019,Retail Ground Beef,Cattle,mdf(A),SRR10769378,SAMN13683695,NULL,NULL,NULL,mdf(A),NULL,NULL,NULL,NULL,NULL,NULL,NULL
19GA12GB02-ECEC,Retail_Meats,coli,2019,Retail Ground Beef,Cattle,mdf(A),SRR10959109,SAMN13911696,NULL,NULL,NULL,mdf(A),NULL,NULL,NULL,NULL,NULL,NULL,NULL
19GA12GB06-ECEC,Retail_Meats,coli,2019,Retail Ground Beef,Cattle,mdf(A),SRR12705007,SAMN16245311,NULL,NULL,NULL,mdf(A),NULL,NULL,NULL,NULL,NULL,NULL,NULL
19GA12GB08-ECEC,Retail_Meats,coli,2019,Retail Ground Beef,Cattle,mdf(A),SRR10959111,SAMN13911719,NULL,NULL,NULL,mdf(A),NULL,NULL,NULL,NULL,NULL,NULL,NULL
19IA01GB02-EC 19JAN2EC,Retail_Meats,coli,2019,Retail Ground Beef,Cattle,ant(3``)-Ia mdf(A) tet(A),SRR10687782,SAMN12943443,ant(3``)-Ia,NULL,NULL,mdf(A),NULL,NULL,NULL,tet(A),NULL,NULL,NULL
19IA01GB04-EC 19JAN4EC,Retail_Meats,coli,2019,Retail Ground Beef,Cattle,mdf(A),SRR10687771,SAMN12943444,NULL,NULL,NULL,mdf(A),NULL,NULL,NULL,NULL,NULL,NULL,NULL
19IA01GB06-EC 19JAN6EC,Retail_Meats,coli,2019,Retail Ground Beef,Cattle,mdf(A),SRR10687760,SAMN12943445,NULL,NULL,NULL,mdf(A),NULL,NULL,NULL,NULL,NULL,NULL,NULL
19IA02GB02-EC 19FEB2EC,Retail_Meats,coli,2019,Retail Ground Beef,Cattle,mdf(A),SRR10687903,SAMN12943611,NULL,NULL,NULL,mdf(A),NULL,NULL,NULL,NULL,NULL,NULL,NULL
19IA02GB08-EC 19FEB8EC,Retail_Meats,coli,2019,Retail Ground Beef,Cattle,ant(3``)-Ia mdf(A),SRR10687902,SAMN12943612,ant(3``)-Ia,NULL,NULL,mdf(A),NULL,NULL,NULL,NULL,NULL,NULL,NULL
19IA03GB02-EC 19MAR2EC,Retail_Meats,coli,2019,Retail Ground Beef,Cattle,aph(3``)-Ib aph(6)-Id blaTEM-1A floR mdf(A) sul2 tet(A),SRR10687893,SAMN12943620,aph(3``)-Ib  aph(6)-Id,blaTEM-1A,NULL,mdf(A),NULL,NULL,sul2,tet(A),NULL,floR,NULL
19IA03GB04-EC 19MAR4EC,Retail_Meats,coli,2019,Retail Ground Beef,Cattle,mdf(A),SRR10687892,SAMN12943621,NULL,NULL,NULL,mdf(A),NULL,NULL,NULL,NULL,NULL,NULL,NULL
19IA03GB10-EC 19MAR1EC,Retail_Meats,coli,2019,Retail Ground Beef,Cattle,aph(3``)-Ib aph(6)-Id mdf(A) sul2 tet(B),SRR10687891,SAMN12943622,aph(3``)-Ib  aph(6)-Id,NULL,NULL,mdf(A),NULL,NULL,sul2,tet(B),NULL,NULL,NULL
19IA04GB04-EC 19APR4EC,Retail_Meats,coli,2019,Retail Ground Beef,Cattle,mdf(A),SRR10579988,SAMN12990625,NULL,NULL,NULL,mdf(A),NULL,NULL,NULL,NULL,NULL,NULL,NULL
19IA04GB06-EC 19APR6EC,Retail_Meats,coli,2019,Retail Ground Beef,Cattle,mdf(A),SRR10579987,SAMN12990626,NULL,NULL,NULL,mdf(A),NULL,NULL,NULL,NULL,NULL,NULL,NULL
19IA04GB08-EC 19APR8EC,Retail_Meats,coli,2019,Retail Ground Beef,Cattle,mdf(A),SRR10579985,SAMN12990627,NULL,NULL,NULL,mdf(A),NULL,NULL,NULL,NULL,NULL,NULL,NULL
19IA05GB02-EC 19MAY2EC,Retail_Meats,coli,2019,Retail Ground Beef,Cattle,mdf(A),SRR10579978,SAMN12990634,NULL,NULL,NULL,mdf(A),NULL,NULL,NULL,NULL,NULL,NULL,NULL
19IA05GB04-EC 19MAY4EC,Retail_Meats,coli,2019,Retail Ground Beef,Cattle,mdf(A),SRR16643259,SAMN22785496,NULL,NULL,NULL,mdf(A),NULL,NULL,NULL,NULL,NULL,NULL,NULL
19IA06GB02-EC 19JUN2EC,Retail_Meats,coli,2019,Retail Ground Beef,Cattle,mdf(A),SRR16643252,SAMN22785501,NULL,NULL,NULL,mdf(A),NULL,NULL,NULL,NULL,NULL,NULL,NULL
19IA06GB08-EC 19JUN8EC,Retail_Meats,coli,2019,Retail Ground Beef,Cattle,NULL,SRR10579905,SAMN12990706,NULL,NULL,NULL,mdf(A),NULL,NULL,NULL,NULL,mdf(A),NULL,NULL
19IA06GB10-EC 19JUN1EC,Retail_Meats,coli,2019,Retail Ground Beef,Cattle,mdf(A) tet(B),SRR16643251,SAMN22785502,NULL,NULL,NULL,mdf(A),NULL,NULL,NULL,tet(B),NULL,NULL,NULL
19IA07GB02-EC 19JUL2EC,Retail_Meats,coli,2019,Retail Ground Beef,Cattle,mdf(A),SRR10139819,SAMN12783939,NULL,NULL,NULL,mdf(A),NULL,NULL,NULL,NULL,NULL,NULL,NULL
19IA07GB04-EC 19JUL4EC,Retail_Meats,coli,2019,Retail Ground Beef,Cattle,mdf(A),SRR10139838,SAMN12783966,NULL,NULL,NULL,mdf(A),NULL,NULL,NULL,NULL,NULL,NULL,NULL
19IA07GB08-EC 19JUL8EC,Retail_Meats,coli,2019,Retail Ground Beef,Cattle,mdf(A),SRR10139655,SAMN12783873,NULL,NULL,NULL,mdf(A),NULL,NULL,NULL,NULL,NULL,NULL,NULL
19IA07GB10-EC 19JUL1EC,Retail_Meats,coli,2019,Retail Ground Beef,Cattle,mdf(A),SRR10141237,SAMN12784434,NULL,NULL,NULL,mdf(A),NULL,NULL,NULL,NULL,NULL,NULL,NULL
19IA08GB06-EC 19AUG6EC,Retail_Meats,coli,2019,Retail Ground Beef,Cattle,mdf(A),SRR10186366,SAMN12846528,NULL,NULL,NULL,mdf(A),NULL,NULL,NULL,NULL,NULL,NULL,NULL
19IA08GB10-EC 19AUG1EC,Retail_Meats,coli,2019,Retail Ground Beef,Cattle,mdf(A),SRR10186443,SAMN12846559,NULL,NULL,NULL,mdf(A),NULL,NULL,NULL,NULL,NULL,NULL,NULL
19IA09GB02-EC 19SEP2EC,Retail_Meats,coli,2019,Retail Ground Beef,Cattle,ant(3``)-Ia mdf(A) tet(C),SRR10357552,SAMN13150877,ant(3``)-Ia,NULL,NULL,mdf(A),NULL,NULL,NULL,tet(C),NULL,NULL,NULL
19IA09GB06-EC 19SEP6EC,Retail_Meats,coli,2019,Retail Ground Beef,Cattle,mdf(A),SRR10357563,SAMN13150868,NULL,NULL,NULL,mdf(A),NULL,NULL,NULL,NULL,NULL,NULL,NULL
19IA09GB10-EC 19SEP1EC,Retail_Meats,coli,2019,Retail Ground Beef,Cattle,mdf(A),SRR10357570,SAMN13150831,NULL,NULL,NULL,mdf(A),NULL,NULL,NULL,NULL,NULL,NULL,NULL
19IA11GB02-EC 18NOV2EC,Retail_Meats,coli,2019,Retail Ground Beef,Cattle,mdf(A),SRR10810182,SAMN13703426,NULL,NULL,NULL,mdf(A),NULL,NULL,NULL,NULL,NULL,NULL,NULL
19IA11GB04-EC 18NOV4EC,Retail_Meats,coli,2019,Retail Ground Beef,Cattle,mdf(A),SRR10810161,SAMN13703425,NULL,NULL,NULL,mdf(A),NULL,NULL,NULL,NULL,NULL,NULL,NULL
19IA11GB08-EC 19NOV8EC,Retail_Meats,coli,2019,Retail Ground Beef,Cattle,ant(3``)-Ia fosA7 mdf(A) tet(C),SRR10768368,SAMN13682810,ant(3``)-Ia,NULL,NULL,mdf(A),NULL,NULL,NULL,tet(C),NULL,NULL,NULL
19IA11GB10-EC 19NOV1EC,Retail_Meats,coli,2019,Retail Ground Beef,Cattle,mdf(A),SRR10810183,SAMN13703433,NULL,NULL,NULL,mdf(A),NULL,NULL,NULL,NULL,NULL,NULL,NULL
19IA12GB04-EC 19DEC4EC,Retail_Meats,coli,2019,Retail Ground Beef,Cattle,aph(3``)-Ib aph(6)-Id floR mdf(A) sul2 tet(A),SRR10963344,SAMN13920676,aph(3``)-Ib  aph(6)-Id,NULL,NULL,mdf(A),NULL,NULL,sul2,tet(A),NULL,floR,NULL
19IA12GB08-EC 19DEC8EC,Retail_Meats,coli,2019,Retail Ground Beef,Cattle,mdf(A),SRR10963194,SAMN13920441,NULL,NULL,NULL,mdf(A),NULL,NULL,NULL,NULL,NULL,NULL,NULL
19MD01GB07 003469ECEC,Retail_Meats,coli,2019,Retail Ground Beef,Cattle,mdf(A),SRR10687758,SAMN12943518,NULL,NULL,NULL,mdf(A),NULL,NULL,NULL,NULL,NULL,NULL,NULL
19MD02GB01 003606ECEC,Retail_Meats,coli,2019,Retail Ground Beef,Cattle,mdf(A),SRR10687859,SAMN12943650,NULL,NULL,NULL,mdf(A),NULL,NULL,NULL,NULL,NULL,NULL,NULL
19MD02GB05 003610ECEC,Retail_Meats,coli,2019,Retail Ground Beef,Cattle,mdf(A),SRR10687826,SAMN12943651,NULL,NULL,NULL,mdf(A),NULL,NULL,NULL,NULL,NULL,NULL,NULL
19MD03GB07 004255ECEC,Retail_Meats,coli,2019,Retail Ground Beef,Cattle,aph(3``)-Ib aph(6)-Id mdf(A) sul2 tet(B),SRR10687817,SAMN12943659,aph(3``)-Ib  aph(6)-Id,NULL,NULL,mdf(A),NULL,NULL,sul2,tet(B),NULL,NULL,NULL
19MD04GB03 004395ECEC,Retail_Meats,coli,2019,Retail Ground Beef,Cattle,mdf(A) tet(A),SRR12704994,SAMN16245125,NULL,NULL,NULL,mdf(A),NULL,NULL,NULL,tet(A),NULL,NULL,NULL
19MD04GB05 004397ECEC,Retail_Meats,coli,2019,Retail Ground Beef,Cattle,mdf(A) tet(C),SRR12704983,SAMN16245126,NULL,NULL,NULL,mdf(A),NULL,NULL,NULL,tet(C),NULL,NULL,NULL
19MD04GB07 004702ECEC,Retail_Meats,coli,2019,Retail Ground Beef,Cattle,mdf(A),SRR12704972,SAMN16245127,NULL,NULL,NULL,mdf(A),NULL,NULL,NULL,NULL,NULL,NULL,NULL
19MD04GB09 004704ECEC,Retail_Meats,coli,2019,Retail Ground Beef,Cattle,mdf(A),SRR12704961,SAMN16245128,NULL,NULL,NULL,mdf(A),NULL,NULL,NULL,NULL,NULL,NULL,NULL
19MD06GB09 006150EC,Retail_Meats,coli,2019,Retail Ground Beef,Cattle,mdf(A),SRR9671210,SAMN12255968,NULL,NULL,NULL,mdf(A),NULL,NULL,NULL,NULL,NULL,NULL,NULL
19MD07GB05 000037ECEC,Retail_Meats,coli,2019,Retail Ground Beef,Cattle,mdf(A),SRR10030064,SAMN12647576,NULL,NULL,NULL,mdf(A),NULL,NULL,NULL,NULL,NULL,NULL,NULL
19MD07GB07 000487EC,Retail_Meats,coli,2019,Retail Ground Beef,Cattle,mdf(A),SRR10030179,SAMN12684082,NULL,NULL,NULL,mdf(A),NULL,NULL,NULL,NULL,NULL,NULL,NULL
19MD07GB09 000489EC,Retail_Meats,coli,2019,Retail Ground Beef,Cattle,mdf(A),SRR10030174,SAMN12684085,NULL,NULL,NULL,mdf(A),NULL,NULL,NULL,NULL,NULL,NULL,NULL
19MD08GB09 001229ECEC,Retail_Meats,coli,2019,Retail Ground Beef,Cattle,mdf(A),SRR10152564,SAMN12797189,NULL,NULL,NULL,mdf(A),NULL,NULL,NULL,NULL,NULL,NULL,NULL
19MD09GB03 001587ECEC,Retail_Meats,coli,2019,Retail Ground Beef,Cattle,mdf(A),SRR10360400,SAMN13153732,NULL,NULL,NULL,mdf(A),NULL,NULL,NULL,NULL,NULL,NULL,NULL
19MD09GB07 001846ECEC,Retail_Meats,coli,2019,Retail Ground Beef,Cattle,mdf(A),SRR10360409,SAMN13153777,NULL,NULL,NULL,mdf(A),NULL,NULL,NULL,NULL,NULL,NULL,NULL
19MD09GB09 001848ECEC,Retail_Meats,coli,2019,Retail Ground Beef,Cattle,mdf(A),SRR10360408,SAMN13153778,NULL,NULL,NULL,mdf(A),NULL,NULL,NULL,NULL,NULL,NULL,NULL
19MD10GB05 002022ECEC,Retail_Meats,coli,2019,Retail Ground Beef,Cattle,mdf(A),SRR10482419,SAMN13320508,NULL,NULL,NULL,mdf(A),NULL,NULL,NULL,NULL,NULL,NULL,NULL
19MD10GB07 002150ECEC,Retail_Meats,coli,2019,Retail Ground Beef,Cattle,mdf(A),SRR10482422,SAMN13320507,NULL,NULL,NULL,mdf(A),NULL,NULL,NULL,NULL,NULL,NULL,NULL
19MD10GB09 002152ECEC,Retail_Meats,coli,2019,Retail Ground Beef,Cattle,aph(3``)-Ib aph(3`)-Ia aph(6)-Id mdf(A) sul2 tet(B),SRR10482417,SAMN13320524,aph(3``)-Ib  aph(3`)-Ia  aph(6)-Id,NULL,NULL,mdf(A),NULL,NULL,sul2,tet(B),NULL,NULL,NULL
19MD11GB03 002619ECEC,Retail_Meats,coli,2019,Retail Ground Beef,Cattle,mdf(A),SRR10877315,SAMN13836672,NULL,NULL,NULL,mdf(A),NULL,NULL,NULL,NULL,NULL,NULL,NULL
19MD11GB05 002621ECEC,Retail_Meats,coli,2019,Retail Ground Beef,Cattle,mdf(A) tet(C),SRR10877314,SAMN13836680,NULL,NULL,NULL,mdf(A),NULL,NULL,NULL,tet(C),NULL,NULL,NULL
19MD12GB05 003035ECEC,Retail_Meats,coli,2019,Retail Ground Beef,Cattle,mdf(A),SRR10883484,SAMN13842339,NULL,NULL,NULL,mdf(A),NULL,NULL,NULL,NULL,NULL,NULL,NULL
19MD12GB09 003216ECEC,Retail_Meats,coli,2019,Retail Ground Beef,Cattle,mdf(A),SRR12705037,SAMN16245284,NULL,NULL,NULL,mdf(A),NULL,NULL,NULL,NULL,NULL,NULL,NULL
19NC01GB06-ECEC,Retail_Meats,coli,2019,Retail Ground Beef,Cattle,mdf(A),SRR10687849,SAMN12943465,NULL,NULL,NULL,mdf(A),NULL,NULL,NULL,NULL,NULL,NULL,NULL
19NC02GB06-ECEC,Retail_Meats,coli,2019,Retail Ground Beef,Cattle,NULL,SRR10687748,SAMN12943527,NULL,NULL,NULL,mdf(A),NULL,NULL,NULL,NULL,mdf(A),NULL,NULL
19NC02GB08-ECEC,Retail_Meats,coli,2019,Retail Ground Beef,Cattle,mdf(A),SRR10687747,SAMN12943528,NULL,NULL,NULL,mdf(A),NULL,NULL,NULL,NULL,NULL,NULL,NULL
19NC02GB10-ECEC,Retail_Meats,coli,2019,Retail Ground Beef,Cattle,NULL,SRR10687746,SAMN12943529,NULL,NULL,NULL,mdf(A),NULL,NULL,NULL,mdf(A),NULL,NULL,NULL
19NC03GB08-ECEC,Retail_Meats,coli,2019,Retail Ground Beef,Cattle,mdf(A),SRR10687994,SAMN12943587,NULL,NULL,NULL,mdf(A),NULL,NULL,NULL,NULL,NULL,NULL,NULL
19NC04GB02-ECEC,Retail_Meats,coli,2019,Retail Ground Beef,Cattle,mdf(A),SRR10687857,SAMN12943710,NULL,NULL,NULL,mdf(A),NULL,NULL,NULL,NULL,NULL,NULL,NULL
19NC04GB04-ECEC,Retail_Meats,coli,2019,Retail Ground Beef,Cattle,mdf(A),SRR10687856,SAMN12943711,NULL,NULL,NULL,mdf(A),NULL,NULL,NULL,NULL,NULL,NULL,NULL
19NC05GB04-ECEC,Retail_Meats,coli,2019,Retail Ground Beef,Cattle,mdf(A),SRR10579967,SAMN12990646,NULL,NULL,NULL,mdf(A),NULL,NULL,NULL,NULL,NULL,NULL,NULL
19NC05GB10-ECEC,Retail_Meats,coli,2019,Retail Ground Beef,Cattle,mdf(A),SRR10579966,SAMN12990647,NULL,NULL,NULL,mdf(A),NULL,NULL,NULL,NULL,NULL,NULL,NULL
19NC07GB02-ECEC,Retail_Meats,coli,2019,Retail Ground Beef,Cattle,aph(3`)-Ia mdf(A) tet(A),SRR10101899,SAMN12734216,aph(3`)-Ia,NULL,NULL,mdf(A),NULL,NULL,NULL,tet(A),NULL,NULL,NULL
19NC07GB04-ECEC,Retail_Meats,coli,2019,Retail Ground Beef,Cattle,mdf(A),SRR10098863,SAMN12727834,NULL,NULL,NULL,mdf(A),NULL,NULL,NULL,NULL,NULL,NULL,NULL
19NC07GB08-ECEC,Retail_Meats,coli,2019,Retail Ground Beef,Cattle,mdf(A),SRR12704981,SAMN12731190,NULL,NULL,NULL,mdf(A),NULL,NULL,NULL,NULL,NULL,NULL,NULL
19NC07GB10-ECEC,Retail_Meats,coli,2019,Retail Ground Beef,Cattle,mdf(A),SRR10098865,SAMN12727838,NULL,NULL,NULL,mdf(A),NULL,NULL,NULL,NULL,NULL,NULL,NULL
19NC09GB08-ECEC,Retail_Meats,coli,2019,Retail Ground Beef,Cattle,mdf(A),SRR10442162,SAMN13283517,NULL,NULL,NULL,mdf(A),NULL,NULL,NULL,NULL,NULL,NULL,NULL
19NC09GB10-ECEC,Retail_Meats,coli,2019,Retail Ground Beef,Cattle,mdf(A) tet(A),SRR10442146,SAMN13283522,NULL,NULL,NULL,mdf(A),NULL,NULL,NULL,tet(A),NULL,NULL,NULL
19NC11GB10-ECEC,Retail_Meats,coli,2019,Retail Ground Beef,Cattle,mdf(A),SRR10822918,SAMN13718877,NULL,NULL,NULL,mdf(A),NULL,NULL,NULL,NULL,NULL,NULL,NULL
19OR01GB04-EC E.coliEC,Retail_Meats,coli,2019,Retail Ground Beef,Cattle,mdf(A),SRR10267817,SAMN13019834,NULL,NULL,NULL,mdf(A),NULL,NULL,NULL,NULL,NULL,NULL,NULL
19OR01GB05-EC E.coliEC,Retail_Meats,coli,2019,Retail Ground Beef,Cattle,aph(3``)-Ib aph(6)-Id mdf(A) sul2 tet(B),SRR9123273,SAMN11854356,aph(3``)-Ib  aph(6)-Id,NULL,NULL,mdf(A),NULL,NULL,sul2,tet(B),NULL,NULL,NULL
19OR02GB02-EC E. colEC,Retail_Meats,coli,2019,Retail Ground Beef,Cattle,mdf(A) tet(C),SRR10267804,SAMN13019794,NULL,NULL,NULL,mdf(A),NULL,NULL,NULL,tet(C),NULL,NULL,NULL
19OR02GB05-EC E. colEC,Retail_Meats,coli,2019,Retail Ground Beef,Cattle,mdf(A),SRR12704951,SAMN16245106,NULL,NULL,NULL,mdf(A),NULL,NULL,NULL,NULL,NULL,NULL,NULL
19OR03GB07-EC E. colEC,Retail_Meats,coli,2019,Retail Ground Beef,Cattle,mdf(A),SRR9123058,SAMN11854354,NULL,NULL,NULL,mdf(A),NULL,NULL,NULL,NULL,NULL,NULL,NULL
19OR04GB01-EC E. colEC,Retail_Meats,coli,2019,Retail Ground Beef,Cattle,aph(3``)-Ib aph(3`)-Ia aph(6)-Id dfrA14 mdf(A) sul2 tet(B),SRR12704993,SAMN11982670,aph(3``)-Ib  aph(3`)-Ia  aph(6)-Id,NULL,NULL,mdf(A),NULL,NULL,sul2,tet(B),dfrA14,NULL,NULL
19OR05GB02-EC E. colEC,Retail_Meats,coli,2019,Retail Ground Beef,Cattle,mdf(A),SRR9620799,SAMN12188544,NULL,NULL,NULL,mdf(A),NULL,NULL,NULL,NULL,NULL,NULL,NULL
19OR05GB05-EC E. colEC,Retail_Meats,coli,2019,Retail Ground Beef,Cattle,mdf(A),SRR12704987,SAMN12091252,NULL,NULL,NULL,mdf(A),NULL,NULL,NULL,NULL,NULL,NULL,NULL
19OR08GB04-EC E. colEC,Retail_Meats,coli,2019,Retail Ground Beef,Cattle,mdf(A),SRR12704970,SAMN12859046,NULL,NULL,NULL,mdf(A),NULL,NULL,NULL,NULL,NULL,NULL,NULL
19SC01GB10-ECEC,Retail_Meats,coli,2019,Retail Ground Beef,Cattle,aadA13 ant(3``)-Ia ant(3``)-Ia blaTEM-1B cmlA1 dfrA12 floR lnu(F) mdf(A) sul2 sul3 tet(A) tet(S/M),SRR10687976,SAMN12943545,aadA13  ant(3``)-Ia  ant(3``)-Ia,blaTEM-1B,NULL,lnu(F)  mdf(A),NULL,NULL,sul2  sul3,tet(A)  tet(S/M),dfrA12,cmlA1  floR,NULL
19SC02GB04-ECEC,Retail_Meats,coli,2019,Retail Ground Beef,Cattle,mdf(A),SRR10687697,SAMN12943573,NULL,NULL,NULL,mdf(A),NULL,NULL,NULL,NULL,NULL,NULL,NULL
19SC02GB10-ECEC,Retail_Meats,coli,2019,Retail Ground Beef,Cattle,ant(3``)-Ia mdf(A) tet(C),SRR16643235,SAMN22785482,ant(3``)-Ia,NULL,NULL,mdf(A),NULL,NULL,NULL,tet(C),NULL,NULL,NULL
19SC03GB10-ECEC,Retail_Meats,coli,2019,Retail Ground Beef,Cattle,NULL,SRR10687729,SAMN12943688,NULL,NULL,NULL,mdf(A),NULL,NULL,NULL,mdf(A),NULL,NULL,NULL
19SC05GB04-ECEC,Retail_Meats,coli,2019,Retail Ground Beef,Cattle,mdf(A),SRR9268675,SAMN11997531,NULL,NULL,NULL,mdf(A),NULL,NULL,NULL,NULL,NULL,NULL,NULL
19SC05GB06-ECEC,Retail_Meats,coli,2019,Retail Ground Beef,Cattle,mdf(A),SRR9281879,SAMN12035966,NULL,NULL,NULL,mdf(A),NULL,NULL,NULL,NULL,NULL,NULL,NULL
19SC06GB10-ECEC,Retail_Meats,coli,2019,Retail Ground Beef,Cattle,mdf(A),SRR9680705,SAMN12273952,NULL,NULL,NULL,mdf(A),NULL,NULL,NULL,NULL,NULL,NULL,NULL
19SC07GB06-ECEC,Retail_Meats,coli,2019,Retail Ground Beef,Cattle,aph(3``)-Ib aph(3`)-Ia aph(6)-Id mdf(A) tet(B),SRR12704904,SAMN16245175,aph(3``)-Ib  aph(3`)-Ia  aph(6)-Id,NULL,NULL,mdf(A),NULL,NULL,NULL,tet(B),NULL,NULL,NULL
19SC08GB02-ECEC,Retail_Meats,coli,2019,Retail Ground Beef,Cattle,mdf(A),SRR12704897,SAMN16245182,NULL,NULL,NULL,mdf(A),NULL,NULL,NULL,NULL,NULL,NULL,NULL
19SC08GB04-ECEC,Retail_Meats,coli,2019,Retail Ground Beef,Cattle,mdf(A),SRR12704895,SAMN16245183,NULL,NULL,NULL,mdf(A),NULL,NULL,NULL,NULL,NULL,NULL,NULL
19SC08GB06-ECEC,Retail_Meats,coli,2019,Retail Ground Beef,Cattle,fosA7 mdf(A),SRR12704894,SAMN16245184,NULL,NULL,NULL,mdf(A),NULL,NULL,NULL,NULL,NULL,NULL,NULL
19SC08GB10-ECEC,Retail_Meats,coli,2019,Retail Ground Beef,Cattle,mdf(A),SRR10125271,SAMN12767328,NULL,NULL,NULL,mdf(A),NULL,NULL,NULL,NULL,NULL,NULL,NULL
19SC09GB06-ECEC,Retail_Meats,coli,2019,Retail Ground Beef,Cattle,mdf(A),SRR10294181,SAMN13041519,NULL,NULL,NULL,mdf(A),NULL,NULL,NULL,NULL,NULL,NULL,NULL
19SC09GB08-ECEC,Retail_Meats,coli,2019,Retail Ground Beef,Cattle,mdf(A),SRR10302656,SAMN13051401,NULL,NULL,NULL,mdf(A),NULL,NULL,NULL,NULL,NULL,NULL,NULL
19SC09GB10-ECEC,Retail_Meats,coli,2019,Retail Ground Beef,Cattle,mdf(A),SRR10294226,SAMN13041520,NULL,NULL,NULL,mdf(A),NULL,NULL,NULL,NULL,NULL,NULL,NULL
19SC10GB08-ECEC,Retail_Meats,coli,2019,Retail Ground Beef,Cattle,mdf(A),SRR10569353,SAMN13446263,NULL,NULL,NULL,mdf(A),NULL,NULL,NULL,NULL,NULL,NULL,NULL
19SC10GB10-ECEC,Retail_Meats,coli,2019,Retail Ground Beef,Cattle,mdf(A) tet(A),SRR10569358,SAMN13446260,NULL,NULL,NULL,mdf(A),NULL,NULL,NULL,tet(A),NULL,NULL,NULL
19SC11GB06-ECEC,Retail_Meats,coli,2019,Retail Ground Beef,Cattle,mdf(A),SRR10885205,SAMN13852245,NULL,NULL,NULL,mdf(A),NULL,NULL,NULL,NULL,NULL,NULL,NULL
19SC11GB08-ECEC,Retail_Meats,coli,2019,Retail Ground Beef,Cattle,mdf(A),SRR10885199,SAMN13852244,NULL,NULL,NULL,mdf(A),NULL,NULL,NULL,NULL,NULL,NULL,NULL
19SC11GB10-ECEC,Retail_Meats,coli,2019,Retail Ground Beef,Cattle,mdf(A),SRR10885202,SAMN13852243,NULL,NULL,NULL,mdf(A),NULL,NULL,NULL,NULL,NULL,NULL,NULL
19SC12GB04-ECEC,Retail_Meats,coli,2019,Retail Ground Beef,Cattle,catA1 mdf(A) tet(A),SRR12705006,SAMN16245312,NULL,NULL,NULL,mdf(A),NULL,NULL,NULL,tet(A),NULL,catA1,NULL
19SD01GB04-ECEC,Retail_Meats,coli,2019,Retail Ground Beef,Cattle,mdf(A),SRR10687928,SAMN12943480,NULL,NULL,NULL,mdf(A),NULL,NULL,NULL,NULL,NULL,NULL,NULL
19SD01GB06-ECEC,Retail_Meats,coli,2019,Retail Ground Beef,Cattle,mdf(A) tet(C),SRR10687927,SAMN12943481,NULL,NULL,NULL,mdf(A),NULL,NULL,NULL,tet(C),NULL,NULL,NULL
19SD01GB08-ECEC,Retail_Meats,coli,2019,Retail Ground Beef,Cattle,mdf(A),SRR10687926,SAMN12943482,NULL,NULL,NULL,mdf(A),NULL,NULL,NULL,NULL,NULL,NULL,NULL
19SD01GB10-ECEC,Retail_Meats,coli,2019,Retail Ground Beef,Cattle,mdf(A),SRR10687925,SAMN12943483,NULL,NULL,NULL,mdf(A),NULL,NULL,NULL,NULL,NULL,NULL,NULL
19SD02GB02-ECEC,Retail_Meats,coli,2019,Retail Ground Beef,Cattle,mdf(A),SRR10687958,SAMN12943561,NULL,NULL,NULL,mdf(A),NULL,NULL,NULL,NULL,NULL,NULL,NULL
19SD02GB04-ECEC,Retail_Meats,coli,2019,Retail Ground Beef,Cattle,mdf(A),SRR10687957,SAMN12943562,NULL,NULL,NULL,mdf(A),NULL,NULL,NULL,NULL,NULL,NULL,NULL
19SD02GB06-ECEC,Retail_Meats,coli,2019,Retail Ground Beef,Cattle,mdf(A),SRR10687956,SAMN12943563,NULL,NULL,NULL,mdf(A),NULL,NULL,NULL,NULL,NULL,NULL,NULL
19SD02GB08-ECEC,Retail_Meats,coli,2019,Retail Ground Beef,Cattle,mdf(A),SRR10687955,SAMN12943564,NULL,NULL,NULL,mdf(A),NULL,NULL,NULL,NULL,NULL,NULL,NULL
19SD03GB06-ECEC,Retail_Meats,coli,2019,Retail Ground Beef,Cattle,mdf(A) tet(B),SRR16643265,SAMN22785490,NULL,NULL,NULL,mdf(A),NULL,NULL,NULL,tet(B),NULL,NULL,NULL
19SD03GB08-ECEC,Retail_Meats,coli,2019,Retail Ground Beef,Cattle,mdf(A) sul2,SRR12849856,SAMN16484114,NULL,NULL,NULL,mdf(A),NULL,NULL,sul2,NULL,NULL,NULL,NULL
19SD03GB10-ECEC,Retail_Meats,coli,2019,Retail Ground Beef,Cattle,mdf(A) tet(B),SRR10687881,SAMN12943631,NULL,NULL,NULL,mdf(A),NULL,NULL,NULL,tet(B),NULL,NULL,NULL
19SD04GB08-ECEC,Retail_Meats,coli,2019,Retail Ground Beef,Cattle,mdf(A),SRR10579986,SAMN12990609,NULL,NULL,NULL,mdf(A),NULL,NULL,NULL,NULL,NULL,NULL,NULL
19SD04GB10-ECEC,Retail_Meats,coli,2019,Retail Ground Beef,Cattle,mdf(A),SRR10579975,SAMN12990610,NULL,NULL,NULL,mdf(A),NULL,NULL,NULL,NULL,NULL,NULL,NULL
19SD05GB10-ECEC,Retail_Meats,coli,2019,Retail Ground Beef,Cattle,mdf(A),SRR10579960,SAMN12990652,NULL,NULL,NULL,mdf(A),NULL,NULL,NULL,NULL,NULL,NULL,NULL
19SD06GB06-ECEC,Retail_Meats,coli,2019,Retail Ground Beef,Cattle,mdf(A) tet(C),SRR10579914,SAMN12990698,NULL,NULL,NULL,mdf(A),NULL,NULL,NULL,tet(C),NULL,NULL,NULL
19SD06GB10-ECEC,Retail_Meats,coli,2019,Retail Ground Beef,Cattle,mdf(A),SRR10579913,SAMN12990699,NULL,NULL,NULL,mdf(A),NULL,NULL,NULL,NULL,NULL,NULL,NULL
19SD07GB02-ECEC,Retail_Meats,coli,2019,Retail Ground Beef,Cattle,mdf(A),SRR10166150,SAMN12822682,NULL,NULL,NULL,mdf(A),NULL,NULL,NULL,NULL,NULL,NULL,NULL
19SD07GB06-ECEC,Retail_Meats,coli,2019,Retail Ground Beef,Cattle,mdf(A) tet(C),SRR10165347,SAMN12822670,NULL,NULL,NULL,mdf(A),NULL,NULL,NULL,tet(C),NULL,NULL,NULL
19SD07GB08-ECEC,Retail_Meats,coli,2019,Retail Ground Beef,Cattle,mdf(A),SRR10166208,SAMN12822695,NULL,NULL,NULL,mdf(A),NULL,NULL,NULL,NULL,NULL,NULL,NULL
19SD08GB04-ECEC,Retail_Meats,coli,2019,Retail Ground Beef,Cattle,mdf(A),SRR12849869,SAMN13047706,NULL,NULL,NULL,mdf(A),NULL,NULL,NULL,NULL,NULL,NULL,NULL
19SD08GB06-ECEC,Retail_Meats,coli,2019,Retail Ground Beef,Cattle,mdf(A),SRR10298212,SAMN13047710,NULL,NULL,NULL,mdf(A),NULL,NULL,NULL,NULL,NULL,NULL,NULL
19SD09GB02-ECEC,Retail_Meats,coli,2019,Retail Ground Beef,Cattle,aph(3``)-Ib aph(6)-Id floR mdf(A) sul2 tet(A),SRR10502075,SAMN13340398,aph(3``)-Ib  aph(6)-Id,NULL,NULL,mdf(A),NULL,NULL,sul2,tet(A),NULL,floR,NULL
19SD09GB04-ECEC,Retail_Meats,coli,2019,Retail Ground Beef,Cattle,mdf(A),SRR10502042,SAMN13340368,NULL,NULL,NULL,mdf(A),NULL,NULL,NULL,NULL,NULL,NULL,NULL
19SD10GB02-ECEC,Retail_Meats,coli,2019,Retail Ground Beef,Cattle,mdf(A),SRR11866730,SAMN15047368,NULL,NULL,NULL,mdf(A),NULL,NULL,NULL,NULL,NULL,NULL,NULL
19SD10GB04-ECEC,Retail_Meats,coli,2019,Retail Ground Beef,Cattle,mdf(A),SRR11866733,SAMN15047364,NULL,NULL,NULL,mdf(A),NULL,NULL,NULL,NULL,NULL,NULL,NULL
19SD10GB06-ECEC,Retail_Meats,coli,2019,Retail Ground Beef,Cattle,mdf(A),SRR11866732,SAMN15047374,NULL,NULL,NULL,mdf(A),NULL,NULL,NULL,NULL,NULL,NULL,NULL
19SD10GB10-ECEC,Retail_Meats,coli,2019,Retail Ground Beef,Cattle,mdf(A) tet(B),SRR11866731,SAMN15047371,NULL,NULL,NULL,mdf(A),NULL,NULL,NULL,tet(B),NULL,NULL,NULL
19SD11GB04-ECEC,Retail_Meats,coli,2019,Retail Ground Beef,Cattle,mdf(A) tet(A),SRR10810350,SAMN13703504,NULL,NULL,NULL,mdf(A),NULL,NULL,NULL,tet(A),NULL,NULL,NULL
19SD11GB06-ECEC,Retail_Meats,coli,2019,Retail Ground Beef,Cattle,mdf(A),SRR10810352,SAMN13703498,NULL,NULL,NULL,mdf(A),NULL,NULL,NULL,NULL,NULL,NULL,NULL
19SD11GB08-ECEC,Retail_Meats,coli,2019,Retail Ground Beef,Cattle,mdf(A),SRR10827528,SAMN13721832,NULL,NULL,NULL,mdf(A),NULL,NULL,NULL,NULL,NULL,NULL,NULL
19SD11GB10-ECEC,Retail_Meats,coli,2019,Retail Ground Beef,Cattle,mdf(A),SRR10827530,SAMN13721837,NULL,NULL,NULL,mdf(A),NULL,NULL,NULL,NULL,NULL,NULL,NULL
19SD12GB06-ECEC,Retail_Meats,coli,2019,Retail Ground Beef,Cattle,mdf(A),SRR12704958,SAMN13996946,NULL,NULL,NULL,mdf(A),NULL,NULL,NULL,NULL,NULL,NULL,NULL
19SD12GB10-ECEC,Retail_Meats,coli,2019,Retail Ground Beef,Cattle,mdf(A),SRR12704959,SAMN13996990,NULL,NULL,NULL,mdf(A),NULL,NULL,NULL,NULL,NULL,NULL,NULL
19TN01GB03-EC KEC,Retail_Meats,coli,2019,Retail Ground Beef,Cattle,ant(3``)-Ia mdf(A) tet(S/M),SRR10687940,SAMN12943469,ant(3``)-Ia,NULL,NULL,mdf(A),NULL,NULL,NULL,tet(S/M),NULL,NULL,NULL
19TN01GB05-EC KEC,Retail_Meats,coli,2019,Retail Ground Beef,Cattle,mdf(A),SRR10687939,SAMN12943470,NULL,NULL,NULL,mdf(A),NULL,NULL,NULL,NULL,NULL,NULL,NULL
19TN02GB04NEC N19F05EC,Retail_Meats,coli,2019,Retail Ground Beef,Cattle,aph(3``)-Ib aph(6)-Id mdf(A) tet(B),SRR10687739,SAMN12943536,aph(3``)-Ib  aph(6)-Id,NULL,NULL,mdf(A),NULL,NULL,NULL,tet(B),NULL,NULL,NULL
19TN03GB01K-ECEC,Retail_Meats,coli,2019,Retail Ground Beef,Cattle,mdf(A),SRR10687812,SAMN12943664,NULL,NULL,NULL,mdf(A),NULL,NULL,NULL,NULL,NULL,NULL,NULL
19TN03GB03K-ECEC,Retail_Meats,coli,2019,Retail Ground Beef,Cattle,mdf(A) tet(C),SRR10687811,SAMN12943665,NULL,NULL,NULL,mdf(A),NULL,NULL,NULL,tet(C),NULL,NULL,NULL
19TN03GB04N EC N19F0EC,Retail_Meats,coli,2019,Retail Ground Beef,Cattle,mdf(A),SRR10687724,SAMN12943693,NULL,NULL,NULL,mdf(A),NULL,NULL,NULL,NULL,NULL,NULL,NULL
19TN03GB05K-ECEC,Retail_Meats,coli,2019,Retail Ground Beef,Cattle,aph(3``)-Ib aph(6)-Id mdf(A) sul2 tet(B),SRR10687810,SAMN12943666,aph(3``)-Ib  aph(6)-Id,NULL,NULL,mdf(A),NULL,NULL,sul2,tet(B),NULL,NULL,NULL
19TN04GB04EC N19F129EC,Retail_Meats,coli,2019,Retail Ground Beef,Cattle,mdf(A) tet(B),SRR12704997,SAMN12943728,NULL,NULL,NULL,mdf(A),NULL,NULL,NULL,tet(B),NULL,NULL,NULL
19TN05GB01K-ECEC,Retail_Meats,coli,2019,Retail Ground Beef,Cattle,fosA7 mdf(A),SRR9302947,SAMN12058480,NULL,NULL,NULL,mdf(A),NULL,NULL,NULL,NULL,NULL,NULL,NULL
19TN05GB02N-EC N19F1EC,Retail_Meats,coli,2019,Retail Ground Beef,Cattle,mdf(A),SRR9302946,SAMN12058479,NULL,NULL,NULL,mdf(A),NULL,NULL,NULL,NULL,NULL,NULL,NULL
19TN05GB03K-ECEC,Retail_Meats,coli,2019,Retail Ground Beef,Cattle,mdf(A),SRR9302945,SAMN12058481,NULL,NULL,NULL,mdf(A),NULL,NULL,NULL,NULL,NULL,NULL,NULL
19TN06GB03K-ECEC,Retail_Meats,coli,2019,Retail Ground Beef,Cattle,mdf(A) tet(B),SRR9696570,SAMN12289081,NULL,NULL,NULL,mdf(A),NULL,NULL,NULL,tet(B),NULL,NULL,NULL
19TN06GB04NEC N19F19EC,Retail_Meats,coli,2019,Retail Ground Beef,Cattle,mdf(A),SRR9696571,SAMN12289082,NULL,NULL,NULL,mdf(A),NULL,NULL,NULL,NULL,NULL,NULL,NULL
19TN06GB05K-ECEC,Retail_Meats,coli,2019,Retail Ground Beef,Cattle,mdf(A),SRR9696569,SAMN12289080,NULL,NULL,NULL,mdf(A),NULL,NULL,NULL,NULL,NULL,NULL,NULL
19TN07GB01K-ECEC,Retail_Meats,coli,2019,Retail Ground Beef,Cattle,mdf(A),SRR9919220,SAMN12526318,NULL,NULL,NULL,mdf(A),NULL,NULL,NULL,NULL,NULL,NULL,NULL
19TN07GB04K-ECEC,Retail_Meats,coli,2019,Retail Ground Beef,Cattle,aph(3``)-Ib aph(6)-Id mdf(A) tet(A),SRR9919221,SAMN12526311,aph(3``)-Ib  aph(6)-Id,NULL,NULL,mdf(A),NULL,NULL,NULL,tet(A),NULL,NULL,NULL
19TN07GB05NEC N19F21EC,Retail_Meats,coli,2019,Retail Ground Beef,Cattle,aac(3)-VIa ant(3``)-Ia blaHERA-3 mdf(A) sul1 tet(A),SRR16643245,SAMN22785507,aac(3)-VIa  ant(3``)-Ia,blaHERA-3,NULL,mdf(A),NULL,NULL,sul1,tet(A),NULL,NULL,NULL
19TN08B03K-ECEC,Retail_Meats,coli,2019,Retail Ground Beef,Cattle,mdf(A),SRR10116196,SAMN12745433,NULL,NULL,NULL,mdf(A),NULL,NULL,NULL,NULL,NULL,NULL,NULL
19TN08GB04NEC N19F26EC,Retail_Meats,coli,2019,Retail Ground Beef,Cattle,aac(3)-VIa ant(3``)-Ia aph(3``)-Ib aph(3`)-Ia aph(6)-Id mdf(A) sul1 sul2 tet(B),SRR10116198,SAMN12745439,aac(3)-VIa  ant(3``)-Ia  aph(3``)-Ib  aph(3`)-Ia  aph(6)-Id,NULL,NULL,mdf(A),NULL,NULL,sul1  sul2,tet(B),NULL,NULL,NULL
19TN08GB05NEC N19F26EC,Retail_Meats,coli,2019,Retail Ground Beef,Cattle,mdf(A) tet(B),SRR10116192,SAMN12745434,NULL,NULL,NULL,mdf(A),NULL,NULL,NULL,tet(B),NULL,NULL,NULL
19TN09GB02EC N19F294EC,Retail_Meats,coli,2019,Retail Ground Beef,Cattle,mdf(A) tet(B),SRR10258879,SAMN13013144,NULL,NULL,NULL,mdf(A),NULL,NULL,NULL,tet(B),NULL,NULL,NULL
19TN09GB02K-ECEC,Retail_Meats,coli,2019,Retail Ground Beef,Cattle,mdf(A),SRR10258882,SAMN13013145,NULL,NULL,NULL,mdf(A),NULL,NULL,NULL,NULL,NULL,NULL,NULL
19TN09GB03EC N19F294EC,Retail_Meats,coli,2019,Retail Ground Beef,Cattle,mdf(A),SRR12704887,SAMN16245191,NULL,NULL,NULL,mdf(A),NULL,NULL,NULL,NULL,NULL,NULL,NULL
19TN09GB03K-ECEC,Retail_Meats,coli,2019,Retail Ground Beef,Cattle,mdf(A),SRR12705091,SAMN16245235,NULL,NULL,NULL,mdf(A),NULL,NULL,NULL,NULL,NULL,NULL,NULL
19TN09GB05EC N19F294EC,Retail_Meats,coli,2019,Retail Ground Beef,Cattle,mdf(A),SRR10258881,SAMN13013146,NULL,NULL,NULL,mdf(A),NULL,NULL,NULL,NULL,NULL,NULL,NULL
19TN10GB01K-ECEC,Retail_Meats,coli,2019,Retail Ground Beef,Cattle,aph(3``)-Ib aph(6)-Id blaTEM-1B mdf(A) tet(B),SRR12705086,SAMN16245240,aph(3``)-Ib  aph(6)-Id,blaTEM-1B,NULL,mdf(A),NULL,NULL,NULL,tet(B),NULL,NULL,NULL
19TN10GB02NEC N19F32EC,Retail_Meats,coli,2019,Retail Ground Beef,Cattle,mdf(A),SRR12704883,SAMN16245194,NULL,NULL,NULL,mdf(A),NULL,NULL,NULL,NULL,NULL,NULL,NULL
19TN11KGB01K-ECEC,Retail_Meats,coli,2019,Retail Ground Beef,Cattle,ant(3``)-Ia mdf(A) tet(C),SRR16643227,SAMN22785527,ant(3``)-Ia,NULL,NULL,mdf(A),NULL,NULL,NULL,tet(C),NULL,NULL,NULL
19TN12GB01K-ECEC,Retail_Meats,coli,2019,Retail Ground Beef,Cattle,mdf(A),SRR12849880,SAMN16484149,NULL,NULL,NULL,mdf(A),NULL,NULL,NULL,NULL,NULL,NULL,NULL
19TN12GB02NEC N19F38EC,Retail_Meats,coli,2019,Retail Ground Beef,Cattle,mdf(A) tet(A),SRR12849825,SAMN16484145,NULL,NULL,NULL,mdf(A),NULL,NULL,NULL,tet(A),NULL,NULL,NULL
19TN12GB03K-ECEC,Retail_Meats,coli,2019,Retail Ground Beef,Cattle,mdf(A),SRR12849879,SAMN16484150,NULL,NULL,NULL,mdf(A),NULL,NULL,NULL,NULL,NULL,NULL,NULL
19TN12GB05K-ECEC,Retail_Meats,coli,2019,Retail Ground Beef,Cattle,mdf(A),SRR12705042,SAMN16245280,NULL,NULL,NULL,mdf(A)  mdf(A),NULL,NULL,NULL,NULL,NULL,NULL,NULL
19TX01GB03-ECEC,Retail_Meats,coli,2019,Retail Ground Beef,Cattle,mdf(A) tet(B),SRR10687787,SAMN12943492,NULL,NULL,NULL,mdf(A),NULL,NULL,NULL,tet(B),NULL,NULL,NULL
19TX02GB05ECEC,Retail_Meats,coli,2019,Retail Ground Beef,Cattle,mdf(A),SRR10687965,SAMN12943555,NULL,NULL,NULL,mdf(A),NULL,NULL,NULL,NULL,NULL,NULL,NULL
19TX02GB07ECEC,Retail_Meats,coli,2019,Retail Ground Beef,Cattle,mdf(A),SRR10687964,SAMN12943556,NULL,NULL,NULL,mdf(A),NULL,NULL,NULL,NULL,NULL,NULL,NULL
19TX03GB01-ECEC,Retail_Meats,coli,2019,Retail Ground Beef,Cattle,mdf(A),SRR10687870,SAMN12943640,NULL,NULL,NULL,mdf(A),NULL,NULL,NULL,NULL,NULL,NULL,NULL
19TX03GB03-ECEC,Retail_Meats,coli,2019,Retail Ground Beef,Cattle,mdf(A),SRR10687869,SAMN12943641,NULL,NULL,NULL,mdf(A),NULL,NULL,NULL,NULL,NULL,NULL,NULL
19TX03GB05-ECEC,Retail_Meats,coli,2019,Retail Ground Beef,Cattle,mdf(A),SRR10687868,SAMN12943642,NULL,NULL,NULL,mdf(A),NULL,NULL,NULL,NULL,NULL,NULL,NULL
19TX03GB07-ECEC,Retail_Meats,coli,2019,Retail Ground Beef,Cattle,mdf(A) tet(A),SRR10687867,SAMN12943643,NULL,NULL,NULL,mdf(A),NULL,NULL,NULL,tet(A),NULL,NULL,NULL
19TX04GB01-ECEC,Retail_Meats,coli,2019,Retail Ground Beef,Cattle,mdf(A),SRR10687738,SAMN12943680,NULL,NULL,NULL,mdf(A),NULL,NULL,NULL,NULL,NULL,NULL,NULL
19TX04GB03-ECEC,Retail_Meats,coli,2019,Retail Ground Beef,Cattle,mdf(A),SRR10687737,SAMN12943681,NULL,NULL,NULL,mdf(A),NULL,NULL,NULL,NULL,NULL,NULL,NULL
19TX04GB05-ECEC,Retail_Meats,coli,2019,Retail Ground Beef,Cattle,mdf(A),SRR10687736,SAMN12943682,NULL,NULL,NULL,mdf(A),NULL,NULL,NULL,NULL,NULL,NULL,NULL
19TX04GB09-ECEC,Retail_Meats,coli,2019,Retail Ground Beef,Cattle,mdf(A),SRR10687735,SAMN12943683,NULL,NULL,NULL,mdf(A),NULL,NULL,NULL,NULL,NULL,NULL,NULL
19TX05GB03-ECEC,Retail_Meats,coli,2019,Retail Ground Beef,Cattle,mdf(A),SRR10687945,SAMN12943746,NULL,NULL,NULL,mdf(A),NULL,NULL,NULL,NULL,NULL,NULL,NULL
19TX05GB09-ECEC,Retail_Meats,coli,2019,Retail Ground Beef,Cattle,mdf(A),SRR10687944,SAMN12943747,NULL,NULL,NULL,mdf(A),NULL,NULL,NULL,NULL,NULL,NULL,NULL
19TX06GB01-ECEC,Retail_Meats,coli,2019,Retail Ground Beef,Cattle,mdf(A),SRR10579929,SAMN12990684,NULL,NULL,NULL,mdf(A),NULL,NULL,NULL,NULL,NULL,NULL,NULL
19TX06GB03-ECEC,Retail_Meats,coli,2019,Retail Ground Beef,Cattle,mdf(A),SRR10579928,SAMN12990685,NULL,NULL,NULL,mdf(A),NULL,NULL,NULL,NULL,NULL,NULL,NULL
19TX06GB07-ECEC,Retail_Meats,coli,2019,Retail Ground Beef,Cattle,mdf(A),SRR12704984,SAMN12990686,NULL,NULL,NULL,mdf(A),NULL,NULL,NULL,NULL,NULL,NULL,NULL
19TX06GB09-ECEC,Retail_Meats,coli,2019,Retail Ground Beef,Cattle,mdf(A),SRR10579926,SAMN12990687,NULL,NULL,NULL,mdf(A),NULL,NULL,NULL,NULL,NULL,NULL,NULL
19TX07GB03-ECEC,Retail_Meats,coli,2019,Retail Ground Beef,Cattle,mdf(A),SRR12704935,SAMN16245147,NULL,NULL,NULL,mdf(A),NULL,NULL,NULL,NULL,NULL,NULL,NULL
19TX07GB09ECEC,Retail_Meats,coli,2019,Retail Ground Beef,Cattle,mdf(A) tet(C),SRR12704934,SAMN16245148,NULL,NULL,NULL,mdf(A),NULL,NULL,NULL,tet(C),NULL,NULL,NULL
19TX08GB05-ECEC,Retail_Meats,coli,2019,Retail Ground Beef,Cattle,mdf(A) tet(C),SRR12704916,SAMN16245164,NULL,NULL,NULL,mdf(A),NULL,NULL,NULL,tet(C),NULL,NULL,NULL
19TX09GB03-ECEC,Retail_Meats,coli,2019,Retail Ground Beef,Cattle,mdf(A),SRR12034999,SAMN15299110,NULL,NULL,NULL,mdf(A),NULL,NULL,NULL,NULL,NULL,NULL,NULL
19TX09GB07-ECEC,Retail_Meats,coli,2019,Retail Ground Beef,Cattle,mdf(A),SRR12704900,SAMN16245179,NULL,NULL,NULL,mdf(A),NULL,NULL,NULL,NULL,NULL,NULL,NULL
19TX10GB07-ECEC,Retail_Meats,coli,2019,Retail Ground Beef,Cattle,mdf(A),SRR12704877,SAMN16245200,NULL,NULL,NULL,mdf(A),NULL,NULL,NULL,NULL,NULL,NULL,NULL
19TX11GB01-ECEC,Retail_Meats,coli,2019,Retail Ground Beef,Cattle,mdf(A),SRR12705073,SAMN16245252,NULL,NULL,NULL,mdf(A),NULL,NULL,NULL,NULL,NULL,NULL,NULL
19TX11GB03-ECEC,Retail_Meats,coli,2019,Retail Ground Beef,Cattle,mdf(A),SRR12705071,SAMN16245253,NULL,NULL,NULL,mdf(A),NULL,NULL,NULL,NULL,NULL,NULL,NULL
19TX11GB09-ECEC,Retail_Meats,coli,2019,Retail Ground Beef,Cattle,mdf(A),SRR12849840,SAMN16484131,NULL,NULL,NULL,mdf(A),NULL,NULL,NULL,NULL,NULL,NULL,NULL
19TX12GB01-ECEC,Retail_Meats,coli,2019,Retail Ground Beef,Cattle,mdf(A),SRR12705027,SAMN16245293,NULL,NULL,NULL,mdf(A),NULL,NULL,NULL,NULL,NULL,NULL,NULL
19TX12GB07-ECEC,Retail_Meats,coli,2019,Retail Ground Beef,Cattle,mdf(A) tet(B),SRR12705026,SAMN16245294,NULL,NULL,NULL,mdf(A),NULL,NULL,NULL,tet(B),NULL,NULL,NULL
19TX12GB09-ECEC,Retail_Meats,coli,2019,Retail Ground Beef,Cattle,mdf(A),SRR12705025,SAMN16245295,NULL,NULL,NULL,mdf(A),NULL,NULL,NULL,NULL,NULL,NULL,NULL
NAR19-304 19OR06GB04EC,Retail_Meats,coli,2019,Retail Ground Beef,Cattle,mdf(A),SRR9620794,SAMN12188553,NULL,NULL,NULL,mdf(A),NULL,NULL,NULL,NULL,NULL,NULL,NULL
NAR19-305 19OR06GB05EC,Retail_Meats,coli,2019,Retail Ground Beef,Cattle,mdf(A),SRR9707420,SAMN12307931,NULL,NULL,NULL,mdf(A),NULL,NULL,NULL,NULL,NULL,NULL,NULL
NAR19-361 19OR07GB01EC,Retail_Meats,coli,2019,Retail Ground Beef,Cattle,mdf(A),SRR9847874,SAMN12384751,NULL,NULL,NULL,mdf(A),NULL,NULL,NULL,NULL,NULL,NULL,NULL
NAR19-362 19OR07GB02EC,Retail_Meats,coli,2019,Retail Ground Beef,Cattle,mdf(A),SRR10075451,SAMN12702871,NULL,NULL,NULL,mdf(A),NULL,NULL,NULL,NULL,NULL,NULL,NULL
NAR19-365 19OR07GB05EC,Retail_Meats,coli,2019,Retail Ground Beef,Cattle,mdf(A),SRR10075471,SAMN12702872,NULL,NULL,NULL,mdf(A),NULL,NULL,NULL,NULL,NULL,NULL,NULL
NAR19-485 19OR09GB05EC,Retail_Meats,coli,2019,Retail Ground Beef,Cattle,aph(3``)-Ib aph(6)-Id mdf(A) tet(B),SRR10236756,SAMN12924385,aph(3``)-Ib  aph(6)-Id,NULL,NULL,mdf(A),NULL,NULL,NULL,tet(B),NULL,NULL,NULL
NAR19-487 19OR09GB07EC,Retail_Meats,coli,2019,Retail Ground Beef,Cattle,mdf(A),SRR10236754,SAMN12924390,NULL,NULL,NULL,mdf(A),NULL,NULL,NULL,NULL,NULL,NULL,NULL
NAR19-541 19OR10GB01EC,Retail_Meats,coli,2019,Retail Ground Beef,Cattle,mdf(A),SRR10313611,SAMN13064118,NULL,NULL,NULL,mdf(A),NULL,NULL,NULL,NULL,NULL,NULL,NULL
NAR19-542 19OR10GB02EC,Retail_Meats,coli,2019,Retail Ground Beef,Cattle,mdf(A),SRR12704967,SAMN13064115,NULL,NULL,NULL,mdf(A),NULL,NULL,NULL,NULL,NULL,NULL,NULL
NAR19-602 19OR11GB02EC,Retail_Meats,coli,2019,Retail Ground Beef,Cattle,mdf(A),SRR10513396,SAMN13354140,NULL,NULL,NULL,mdf(A),NULL,NULL,NULL,NULL,NULL,NULL,NULL
NAR19-661 19OR12GB01EC,Retail_Meats,coli,2019,Retail Ground Beef,Cattle,mdf(A),SRR10820759,SAMN13714349,NULL,NULL,NULL,mdf(A),NULL,NULL,NULL,NULL,NULL,NULL,NULL
NAR19-664 19OR12GB04EC,Retail_Meats,coli,2019,Retail Ground Beef,Cattle,fosA7 mdf(A),SRR10820754,SAMN13714357,NULL,NULL,NULL,mdf(A),NULL,NULL,NULL,NULL,NULL,NULL,NULL
NAR19-667 19OR12GB07EC,Retail_Meats,coli,2019,Retail Ground Beef,Cattle,mdf(A),SRR10843511,SAMN13747353,NULL,NULL,NULL,mdf(A),NULL,NULL,NULL,NULL,NULL,NULL,NULL
