"Data_Source","Year","rule_combination","class_combination","plasmid_combination","support","confidence","lift","num_contigs","mismatch_distance"
"Cecal",2020,"{aadA1,glpT_E448K}","{AMINOGLYCOSIDE,FOSFOMYCIN}","aac(3)-VIa|aadA1",0.159574468085106,0.882352941176471,0.993307502641775,2,0.666666666666667
"Cecal",2020,"{aadA1,glpT_E448K}","{AMINOGLYCOSIDE,FOSFOMYCIN}","aadA1",0.159574468085106,0.882352941176471,0.993307502641775,11,0.5
"Cecal",2020,"{aadA1,glpT_E448K}","{AMINOGLYCOSIDE,FOSFOMYCIN}","aadA1|sul1",0.159574468085106,0.882352941176471,0.993307502641775,11,0.666666666666667
"Cecal",2020,"{aadA1,glpT_E448K}","{AMINOGLYCOSIDE,FOSFOMYCIN}","aadA1|sul3",0.159574468085106,0.882352941176471,0.993307502641775,9,0.666666666666667
"Cecal",2017,"{glpT_E448K,tet(A)}","{FOSFOMYCIN,TETRACYCLINE}","aadA1|tet(A)",0.448275862068966,0.951219512195122,1.00922070196312,1,0.666666666666667
"Cecal",2020,"{aph(6)-Id,sul1}","{AMINOGLYCOSIDE,SULFONAMIDE}","aadA12|sul1",0.154255319148936,0.828571428571429,1.75024077046549,6,0.666666666666667
"Cecal",2020,"{aph(6)-Id,sul1}","{AMINOGLYCOSIDE,SULFONAMIDE}","aadA2|sul1",0.154255319148936,0.828571428571429,1.75024077046549,1,0.666666666666667
"Cecal",2017,"{aph(3'')-Ib,aph(6)-Id,floR,sul2,tet(A)}","{AMINOGLYCOSIDE,PHENICOL,SULFONAMIDE,TETRACYCLINE}","aadA5|dfrA17|floR|tet(A)|aph(6)-Id|aph(3'')-Ib|sul2",0.28735632183908,0.806451612903226,2.6985111662531,1,0.285714285714286
"Cecal",2020,"{aph(6)-Id,sul1}","{AMINOGLYCOSIDE,SULFONAMIDE}","aadA5|sul1",0.154255319148936,0.828571428571429,1.75024077046549,1,0.666666666666667
"Cecal",2020,"{aph(6)-Id,sul1}","{AMINOGLYCOSIDE,SULFONAMIDE}","aadA7|sul1",0.154255319148936,0.828571428571429,1.75024077046549,3,0.666666666666667
"Cecal",2017,"{aph(3'')-Ib,aph(6)-Id}","{AMINOGLYCOSIDE}","aph(3'')-Ib",0.793103448275862,1,1.24285714285714,5,0.5
"Cecal",2017,"{aph(3'')-Ib,aph(6)-Id}","{AMINOGLYCOSIDE}","aph(3'')-Ib|aph(6)-Id",0.793103448275862,1,1.24285714285714,141,0
"Cecal",2017,"{aph(3'')-Ib,aph(6)-Id,floR,tet(A)}","{AMINOGLYCOSIDE,PHENICOL,TETRACYCLINE}","aph(3'')-Ib|aph(6)-Id|tet(A)|floR|dfrA23|sul1|aadA2",0.28735632183908,0.78125,2.61418269230769,1,0.428571428571429
"Cecal",2020,"{aph(3')-Ia,glpT_E448K}","{AMINOGLYCOSIDE,FOSFOMYCIN}","aph(3')-Ia",0.218085106382979,0.803921568627451,0.905013502406951,113,0.5
"Cecal",2020,"{aph(3'')-Ib,aph(3')-Ia,aph(6)-Id}","{AMINOGLYCOSIDE}","aph(3')-Ia|aph(6)-Id|aph(3'')-Ib",0.207446808510638,1,2.1123595505618,48,0
"Cecal",2017,"{aph(3'')-Ib,aph(6)-Id,tet(B)}","{AMINOGLYCOSIDE,TETRACYCLINE}","aph(3')-Ia|aph(6)-Id|aph(3'')-Ib|tet(B)",0.448275862068966,1,1.26086956521739,1,0.25
"Cecal",2017,"{glpT_E448K,tet(A)}","{FOSFOMYCIN,TETRACYCLINE}","aph(3')-Ia|tet(A)",0.448275862068966,0.951219512195122,1.00922070196312,2,0.666666666666667
"Cecal",2017,"{aph(3'')-Ib,aph(6)-Id}","{AMINOGLYCOSIDE}","aph(4)-Ia|aac(3)-IVa|aph(3'')-Ib|aph(6)-Id",0.793103448275862,1,1.24285714285714,1,0.5
"Cecal",2017,"{aph(3'')-Ib,aph(6)-Id}","{AMINOGLYCOSIDE}","aph(6)-Id",0.793103448275862,1,1.24285714285714,5,0.5
"Cecal",2020,"{aph(3'')-Ib,aph(6)-Id,blaTEM-1}","{AMINOGLYCOSIDE,BETA-LACTAM}","aph(6)-Id|aph(3'')-Ib|blaTEM-1",0.223404255319149,1,2.1123595505618,2,0
"Cecal",2017,"{aph(3'')-Ib,aph(6)-Id,sul2}","{AMINOGLYCOSIDE,SULFONAMIDE}","aph(6)-Id|aph(3'')-Ib|sul2|blaCMY-2",0.747126436781609,1,1.24285714285714,1,0.25
"Cecal",2017,"{aph(3'')-Ib,aph(6)-Id,tet(A)}","{AMINOGLYCOSIDE,TETRACYCLINE}","aph(6)-Id|aph(3'')-Ib|tet(A)",0.367816091954023,1,1.24285714285714,31,0
"Cecal",2017,"{aph(6)-Id,tet(A)}","{AMINOGLYCOSIDE,TETRACYCLINE}","aph(6)-Id|tet(A)",0.367816091954023,0.780487804878049,0.984093319194062,10,0
"Cecal",2017,"{aph(6)-Id,floR,tet(A)}","{AMINOGLYCOSIDE,PHENICOL,TETRACYCLINE}","aph(6)-Id|tet(A)|floR",0.28735632183908,0.78125,2.61418269230769,3,0
"Cecal",2017,"{aph(3'')-Ib,aph(6)-Id,floR,sul2,tet(A)}","{AMINOGLYCOSIDE,PHENICOL,SULFONAMIDE,TETRACYCLINE}","blaCMY-2|sul2|aph(3'')-Ib|aph(6)-Id|tet(A)|floR",0.28735632183908,0.806451612903226,2.6985111662531,2,0.166666666666667
"Cecal",2017,"{blaTEM-1,glpT_E448K}","{BETA-LACTAM,FOSFOMYCIN}","blaTEM-1",0.310344827586207,0.964285714285714,1.02308362369338,235,0.5
"Cecal",2017,"{blaTEM-1,glpT_E448K}","{BETA-LACTAM,FOSFOMYCIN}","blaTEM-1|aac(3)-IId",0.310344827586207,0.964285714285714,1.02308362369338,3,0.666666666666667
"Cecal",2017,"{aph(3'')-Ib,aph(6)-Id,blaTEM-1,tet(A)}","{AMINOGLYCOSIDE,BETA-LACTAM,TETRACYCLINE}","blaTEM-1|aph(6)-Id|aph(3'')-Ib|tet(A)",0.183908045977011,0.888888888888889,1.88617886178862,1,0
"Cecal",2020,"{blaTEM-1,sul2}","{BETA-LACTAM,SULFONAMIDE}","blaTEM-1|sul2",0.228723404255319,0.704918032786885,1.61615353858457,10,0
"Cecal",2017,"{aph(3'')-Ib,blaTEM-1,sul2}","{AMINOGLYCOSIDE,BETA-LACTAM,SULFONAMIDE}","blaTEM-1|sul2|aph(3'')-Ib",0.206896551724138,0.947368421052632,1.2488038277512,8,0
"Cecal",2020,"{aph(3'')-Ib,aph(6)-Id,blaTEM-1,sul2}","{AMINOGLYCOSIDE,BETA-LACTAM,SULFONAMIDE}","blaTEM-1|sul2|aph(3'')-Ib|aph(6)-Id",0.196808510638298,1,2.1123595505618,19,0
"Cecal",2017,"{aph(3'')-Ib,aph(6)-Id,blaTEM-1,sul2,tet(A)}","{AMINOGLYCOSIDE,BETA-LACTAM,SULFONAMIDE,TETRACYCLINE}","blaTEM-1|sul2|aph(3'')-Ib|aph(6)-Id|tet(A)",0.183908045977011,0.941176470588235,1.99713055954089,56,0
"Cecal",2017,"{blaTEM-1,glpT_E448K}","{BETA-LACTAM,FOSFOMYCIN}","blaTEM-1|sul3",0.310344827586207,0.964285714285714,1.02308362369338,5,0.666666666666667
"Cecal",2017,"{aph(3'')-Ib,sul2}","{AMINOGLYCOSIDE,SULFONAMIDE}","blaTEM|sul2",0.758620689655172,1,1.24285714285714,1,0.666666666666667
"Cecal",2017,"{aph(3'')-Ib,aph(6)-Id,sul2}","{AMINOGLYCOSIDE,SULFONAMIDE}","blaTEM|sul2|aph(3'')-Ib|aph(6)-Id",0.747126436781609,1,1.24285714285714,5,0.25
"Cecal",2017,"{aph(3'')-Ib,aph(6)-Id,sul2,tet(A)}","{AMINOGLYCOSIDE,SULFONAMIDE,TETRACYCLINE}","blaTEM|sul2|aph(3'')-Ib|aph(6)-Id|tet(A)",0.35632183908046,0.96875,1.27698863636364,5,0.2
"Cecal",2017,"{glpT_E448K,tet(A)}","{FOSFOMYCIN,TETRACYCLINE}","blaTEM|tet(A)",0.448275862068966,0.951219512195122,1.00922070196312,2,0.666666666666667
"Cecal",2017,"{glpT_E448K,tet(B)}","{FOSFOMYCIN,TETRACYCLINE}","blaTEM|tet(B)",0.459770114942529,0.952380952380952,1.01045296167247,1,0.666666666666667
"Cecal",2020,"{aadA1,glpT_E448K}","{AMINOGLYCOSIDE,FOSFOMYCIN}","cmlA1|aadA1",0.159574468085106,0.882352941176471,0.993307502641775,14,0.666666666666667
"Cecal",2017,"{aph(3'')-Ib,aph(6)-Id,blaTEM-1,sul2,tet(A)}","{AMINOGLYCOSIDE,BETA-LACTAM,SULFONAMIDE,TETRACYCLINE}","cmlA1|blaTEM-1|sul2|aph(3'')-Ib|aph(6)-Id|tet(A)",0.183908045977011,0.941176470588235,1.99713055954089,1,0.166666666666667
"Cecal",2017,"{floR,tet(A)}","{PHENICOL,TETRACYCLINE}","dfrA1|sat2|aadA1|floR|tet(A)",0.298850574712644,1,2.1219512195122,1,0.6
"Cecal",2020,"{aph(6)-Id,sul1}","{AMINOGLYCOSIDE,SULFONAMIDE}","dfrA1|sul1",0.154255319148936,0.828571428571429,1.75024077046549,1,0.666666666666667
"Cecal",2020,"{blaTEM-1,sul2}","{BETA-LACTAM,SULFONAMIDE}","dfrA12|aadA2|cmlA1|blaTEM-1|sul2",0.228723404255319,0.704918032786885,1.61615353858457,1,0.6
"Cecal",2017,"{floR,tet(A)}","{PHENICOL,TETRACYCLINE}","dfrA12|tet(A)|floR",0.298850574712644,1,2.1219512195122,1,0.333333333333333
"Cecal",2017,"{blaTEM-1,glpT_E448K}","{BETA-LACTAM,FOSFOMYCIN}","dfrA5|blaTEM-1",0.310344827586207,0.964285714285714,1.02308362369338,1,0.666666666666667
"Cecal",2017,"{glpT_E448K,tet(A)}","{FOSFOMYCIN,TETRACYCLINE}","dfrA5|tet(A)",0.448275862068966,0.951219512195122,1.00922070196312,2,0.666666666666667
"Cecal",2020,"{aph(6)-Id,sul1}","{AMINOGLYCOSIDE,SULFONAMIDE}","dfrA7|sul1",0.154255319148936,0.828571428571429,1.75024077046549,3,0.666666666666667
"Cecal",2017,"{floR,tet(A)}","{PHENICOL,TETRACYCLINE}","floR",0.298850574712644,1,2.1219512195122,263,0.5
"Cecal",2017,"{floR,tet(A)}","{PHENICOL,TETRACYCLINE}","floR|blaCTX-M-55",0.298850574712644,1,2.1219512195122,1,0.666666666666667
"Cecal",2017,"{aph(3'')-Ib,aph(6)-Id,floR,tet(A)}","{AMINOGLYCOSIDE,PHENICOL,TETRACYCLINE}","floR|tet(A)|aph(6)-Id|aph(3'')-Ib",0.28735632183908,0.78125,2.61418269230769,2,0
"Cecal",2017,"{aph(3'')-Ib,aph(6)-Id,blaTEM-1,floR,sul2,tet(A)}","{AMINOGLYCOSIDE,BETA-LACTAM,PHENICOL,SULFONAMIDE,TETRACYCLINE}","floR|tet(A)|aph(6)-Id|aph(3'')-Ib|sul2|blaTEM-1",0.160919540229885,0.875,2.92788461538462,46,0
"Cecal",2017,"{aph(3'')-Ib,aph(6)-Id,floR,sul2,tet(A)}","{AMINOGLYCOSIDE,PHENICOL,SULFONAMIDE,TETRACYCLINE}","floR|tet(A)|aph(6)-Id|dfrA14|aph(3'')-Ib|sul2",0.28735632183908,0.806451612903226,2.6985111662531,1,0.166666666666667
"Cecal",2017,"{floR,tet(A)}","{PHENICOL,TETRACYCLINE}","mph(A)|sul1|dfrA1|tet(A)|floR",0.298850574712644,1,2.1219512195122,1,0.6
"Cecal",2020,"{aadA1,glpT_E448K}","{AMINOGLYCOSIDE,FOSFOMYCIN}","sat2|aadA1",0.159574468085106,0.882352941176471,0.993307502641775,14,0.666666666666667
"Cecal",2020,"{aph(6)-Id,sul1}","{AMINOGLYCOSIDE,SULFONAMIDE}","sul1",0.154255319148936,0.828571428571429,1.75024077046549,29,0.5
"Cecal",2017,"{aph(3'')-Ib,aph(6)-Id,sul2}","{AMINOGLYCOSIDE,SULFONAMIDE}","sul1|aadA1|dfrA1|aph(6)-Id|aph(3'')-Ib|sul2",0.747126436781609,1,1.24285714285714,2,0.5
"Cecal",2017,"{aph(3'')-Ib,aph(6)-Id,floR,sul2,tet(A)}","{AMINOGLYCOSIDE,PHENICOL,SULFONAMIDE,TETRACYCLINE}","sul1|aadA1|dfrA1|floR|tet(A)|aph(6)-Id|aph(3'')-Ib|sul2",0.28735632183908,0.806451612903226,2.6985111662531,2,0.375
"Cecal",2017,"{aph(3'')-Ib,aph(6)-Id,floR,sul2,tet(A)}","{AMINOGLYCOSIDE,PHENICOL,SULFONAMIDE,TETRACYCLINE}","sul1|aadA1|floR|tet(A)|aph(6)-Id|aph(3'')-Ib|sul2",0.28735632183908,0.806451612903226,2.6985111662531,1,0.285714285714286
"Cecal",2020,"{aph(6)-Id,sul1}","{AMINOGLYCOSIDE,SULFONAMIDE}","sul1|aadA13",0.154255319148936,0.828571428571429,1.75024077046549,2,0.666666666666667
"Cecal",2020,"{aph(6)-Id,sul1}","{AMINOGLYCOSIDE,SULFONAMIDE}","sul1|aadA6",0.154255319148936,0.828571428571429,1.75024077046549,1,0.666666666666667
"Cecal",2020,"{aph(3')-Ia,glpT_E448K}","{AMINOGLYCOSIDE,FOSFOMYCIN}","sul1|aph(3')-Ia",0.218085106382979,0.803921568627451,0.905013502406951,1,0.666666666666667
"Cecal",2017,"{aph(3'')-Ib,aph(6)-Id,floR,sul2,tet(A)}","{AMINOGLYCOSIDE,PHENICOL,SULFONAMIDE,TETRACYCLINE}","sul1|dfrA1|sul2|aph(3'')-Ib|aph(6)-Id|tet(A)|floR",0.28735632183908,0.806451612903226,2.6985111662531,1,0.285714285714286
"Cecal",2020,"{aph(6)-Id,sul1}","{AMINOGLYCOSIDE,SULFONAMIDE}","sul1|dfrA5",0.154255319148936,0.828571428571429,1.75024077046549,2,0.666666666666667
"Cecal",2017,"{aph(3'')-Ib,sul2}","{AMINOGLYCOSIDE,SULFONAMIDE}","sul2",0.758620689655172,1,1.24285714285714,100,0.5
"Cecal",2017,"{aph(3'')-Ib,sul2}","{AMINOGLYCOSIDE,SULFONAMIDE}","sul2|aph(3'')-Ib",0.758620689655172,1,1.24285714285714,3,0
"Cecal",2017,"{aph(3'')-Ib,aph(6)-Id,sul2}","{AMINOGLYCOSIDE,SULFONAMIDE}","sul2|aph(3'')-Ib|aph(6)-Id",0.747126436781609,1,1.24285714285714,123,0
"Cecal",2017,"{aph(3'')-Ib,aph(6)-Id,sul2,tet(A)}","{AMINOGLYCOSIDE,SULFONAMIDE,TETRACYCLINE}","sul2|aph(3'')-Ib|aph(6)-Id|tet(A)",0.35632183908046,0.96875,1.27698863636364,87,0
"Cecal",2017,"{aph(3'')-Ib,aph(6)-Id,floR,sul2,tet(A)}","{AMINOGLYCOSIDE,PHENICOL,SULFONAMIDE,TETRACYCLINE}","sul2|aph(3'')-Ib|aph(6)-Id|tet(A)|floR",0.28735632183908,0.806451612903226,2.6985111662531,52,0
"Cecal",2017,"{aph(3'')-Ib,aph(6)-Id,floR,sul2,tet(A)}","{AMINOGLYCOSIDE,PHENICOL,SULFONAMIDE,TETRACYCLINE}","sul2|aph(3'')-Ib|aph(6)-Id|tet(A)|floR|aadA1|sat2|dfrA1",0.28735632183908,0.806451612903226,2.6985111662531,1,0.375
"Cecal",2017,"{aph(3'')-Ib,aph(6)-Id,sul2,tet(A)}","{AMINOGLYCOSIDE,SULFONAMIDE,TETRACYCLINE}","sul2|aph(3'')-Ib|dfrA14|aph(6)-Id|tet(A)",0.35632183908046,0.96875,1.27698863636364,1,0.2
"Cecal",2020,"{aph(3'')-Ib,aph(3')-Ia,aph(6)-Id,sul2}","{AMINOGLYCOSIDE,SULFONAMIDE}","sul2|aph(3')-Ia|aph(6)-Id|aph(3'')-Ib",0.180851063829787,1,2.1123595505618,4,0
"Cecal",2017,"{aph(3'')-Ib,aph(6)-Id,sul2,tet(B)}","{AMINOGLYCOSIDE,SULFONAMIDE,TETRACYCLINE}","sul2|aph(6)-Id|aph(3'')-Ib|tet(B)",0.413793103448276,1,1.26086956521739,1,0
"Cecal",2017,"{aph(3'')-Ib,aph(6)-Id,sul2}","{AMINOGLYCOSIDE,SULFONAMIDE}","sul2|aph(6)-Id|dfrA14|aph(3'')-Ib",0.747126436781609,1,1.24285714285714,2,0.25
"Cecal",2017,"{aph(3'')-Ib,sul2}","{AMINOGLYCOSIDE,SULFONAMIDE}","sul2|blaCTX-M-65",0.758620689655172,1,1.24285714285714,1,0.666666666666667
"Cecal",2017,"{sul2,tet(A)}","{SULFONAMIDE,TETRACYCLINE}","sul2|tet(A)",0.367816091954023,0.780487804878049,1.02882483370288,2,0
"Cecal",2017,"{aph(3'')-Ib,sul2,tet(A)}","{AMINOGLYCOSIDE,SULFONAMIDE,TETRACYCLINE}","sul2|tet(A)|aph(3'')-Ib",0.367816091954023,0.96969696969697,1.27823691460055,4,0
"Cecal",2017,"{glpT_E448K,tet(A)}","{FOSFOMYCIN,TETRACYCLINE}","tet(A)",0.448275862068966,0.951219512195122,1.00922070196312,405,0.5
"Cecal",2017,"{aph(3'')-Ib,tet(A)}","{AMINOGLYCOSIDE,TETRACYCLINE}","tet(A)|aph(3'')-Ib",0.379310344827586,0.804878048780488,1.00034843205575,2,0
"Cecal",2017,"{aph(3'')-Ib,aph(6)-Id,sul2,tet(A)}","{AMINOGLYCOSIDE,SULFONAMIDE,TETRACYCLINE}","tet(A)|aph(6)-Id|aph(3'')-Ib|sul2|aadA5|dfrA17",0.35632183908046,0.96875,1.27698863636364,1,0.333333333333333
"Cecal",2017,"{aph(3'')-Ib,aph(6)-Id,sul2,tet(A)}","{AMINOGLYCOSIDE,SULFONAMIDE,TETRACYCLINE}","tet(A)|aph(6)-Id|aph(3'')-Ib|sul2|blaCMY",0.35632183908046,0.96875,1.27698863636364,1,0.2
"Cecal",2017,"{aph(3'')-Ib,aph(6)-Id,sul2,tet(A)}","{AMINOGLYCOSIDE,SULFONAMIDE,TETRACYCLINE}","tet(A)|aph(6)-Id|aph(3'')-Ib|sul2|blaCMY-2",0.35632183908046,0.96875,1.27698863636364,1,0.2
"Cecal",2017,"{aph(3'')-Ib,aph(6)-Id,sul2,tet(A)}","{AMINOGLYCOSIDE,SULFONAMIDE,TETRACYCLINE}","tet(A)|aph(6)-Id|aph(3'')-Ib|sul2|blaCMY-2|sul1",0.35632183908046,0.96875,1.27698863636364,1,0.333333333333333
"Cecal",2017,"{aph(3'')-Ib,aph(6)-Id,blaTEM-1,sul2,tet(A)}","{AMINOGLYCOSIDE,BETA-LACTAM,SULFONAMIDE,TETRACYCLINE}","tet(A)|aph(6)-Id|aph(3'')-Ib|sul2|blaTEM-1|cmlA1|aadA2|dfrA12",0.183908045977011,0.941176470588235,1.99713055954089,1,0.375
"Cecal",2017,"{blaTEM-1,tet(A)}","{BETA-LACTAM,TETRACYCLINE}","tet(A)|blaTEM-1",0.264367816091954,0.821428571428571,1.74303135888502,8,0
"Cecal",2017,"{floR,tet(A)}","{PHENICOL,TETRACYCLINE}","tet(A)|floR",0.298850574712644,1,2.1219512195122,24,0
"Cecal",2017,"{blaTEM-1,floR,tet(A)}","{BETA-LACTAM,PHENICOL,TETRACYCLINE}","tet(A)|floR|dfrA17|aadA5|blaTEM-1",0.160919540229885,1,2.1219512195122,1,0.4
"Cecal",2017,"{aph(3'')-Ib,aph(6)-Id,sul2,tet(A)}","{AMINOGLYCOSIDE,SULFONAMIDE,TETRACYCLINE}","tet(A)|sul1|aadA1|dfrA1|aph(6)-Id|aph(3'')-Ib|sul2",0.35632183908046,0.96875,1.27698863636364,1,0.428571428571429
"Cecal",2017,"{glpT_E448K,tet(B)}","{FOSFOMYCIN,TETRACYCLINE}","tet(B)",0.459770114942529,0.952380952380952,1.01045296167247,504,0.5
"Cecal",2017,"{glpT_E448K,tet(B)}","{FOSFOMYCIN,TETRACYCLINE}","tet(B)|blaTEM-1",0.459770114942529,0.952380952380952,1.01045296167247,3,0.666666666666667
"NAHLN",2022,"{aph(3'')-Ib,aph(6)-Id,floR,sul2}","{AMINOGLYCOSIDE,PHENICOL,SULFONAMIDE}","aac(3)-VIa|aadA1|floR|tet(A)|aph(6)-Id|aph(3'')-Ib|sul2",0.333333333333333,1,3,1,0.428571428571429
"NAHLN",2018,"{aph(3'')-Ib,aph(6)-Id}","{AMINOGLYCOSIDE}","aph(3'')-Ib|aph(6)-Id",0.516129032258065,1,1.9375,95,0
"NAHLN",2022,"{aph(3'')-Ib,aph(6)-Id,floR,tet(A)}","{AMINOGLYCOSIDE,PHENICOL,TETRACYCLINE}","aph(3'')-Ib|aph(6)-Id|tet(A)|floR",0.333333333333333,1,3,2,0
"NAHLN",2022,"{aph(3'')-Ib,blaTEM-1,sul2}","{AMINOGLYCOSIDE,BETA-LACTAM,SULFONAMIDE}","aph(3'')-Ib|sul2|blaTEM-1|qnrS1",0.333333333333333,1,3,1,0.25
"NAHLN",2022,"{aph(3'')-Ib,aph(3')-Ia}","{AMINOGLYCOSIDE}","aph(3')-Ia",0.333333333333333,1,3,107,0.5
"NAHLN",2022,"{aph(3'')-Ib,aph(3')-Ia,aph(6)-Id}","{AMINOGLYCOSIDE}","aph(3')-Ia|aph(6)-Id|aph(3'')-Ib",0.333333333333333,1,3,13,0
"NAHLN",2022,"{aph(3'')-Ib,aph(3')-Ia,aph(6)-Id}","{AMINOGLYCOSIDE}","aph(3')-Ia|aph(6)-Id|aph(3'')-Ib|tet(B)",0.333333333333333,1,3,2,0.25
"NAHLN",2022,"{aph(3')-Ia,blaTEM-1}","{AMINOGLYCOSIDE,BETA-LACTAM}","aph(3')-Ia|blaTEM-1",0.333333333333333,1,3,1,0
"NAHLN",2022,"{aph(3'')-Ib,aph(6)-Id,blaTEM-1}","{AMINOGLYCOSIDE,BETA-LACTAM}","aph(6)-Id|aph(3'')-Ib|blaTEM-1",0.333333333333333,1,3,6,0
"NAHLN",2022,"{aph(3'')-Ib,aph(6)-Id,blaTEM-1,sul2}","{AMINOGLYCOSIDE,BETA-LACTAM,SULFONAMIDE}","aph(6)-Id|aph(3'')-Ib|sul2|blaTEM-1",0.333333333333333,1,3,3,0
"NAHLN",2018,"{aph(3'')-Ib,aph(6)-Id}","{AMINOGLYCOSIDE}","aph(6)-Id|aph(3'')-Ib|tet(B)",0.516129032258065,1,1.9375,4,0.333333333333333
"NAHLN",2018,"{aph(6)-Id,tet(A)}","{AMINOGLYCOSIDE,TETRACYCLINE}","aph(6)-Id|tet(A)",0.354838709677419,0.733333333333333,1.42083333333333,1,0
"NAHLN",2018,"{glpT_E448K,sul2}","{FOSFOMYCIN,SULFONAMIDE}","blaCMY-2|sul2",0.419354838709677,0.928571428571429,0.992610837438424,1,0.666666666666667
"NAHLN",2019,"{aph(3'')-Ib,aph(6)-Id,sul2}","{AMINOGLYCOSIDE,SULFONAMIDE}","blaCMY-2|sul2|aph(3'')-Ib|aph(6)-Id",0.405405405405405,1,2.11428571428571,2,0.25
"NAHLN",2022,"{aph(3'')-Ib,aph(6)-Id,sul2,tet(A)}","{AMINOGLYCOSIDE,SULFONAMIDE,TETRACYCLINE}","blaCMY-2|sul2|aph(3'')-Ib|aph(6)-Id|tet(A)",0.333333333333333,1,3,2,0.2
"NAHLN",2022,"{aph(3'')-Ib,aph(6)-Id,floR,sul2}","{AMINOGLYCOSIDE,PHENICOL,SULFONAMIDE}","blaCMY-2|sul2|aph(3'')-Ib|aph(6)-Id|tet(A)|floR",0.333333333333333,1,3,2,0.333333333333333
"NAHLN",2022,"{aph(3'')-Ib,blaTEM-1}","{AMINOGLYCOSIDE,BETA-LACTAM}","blaTEM-1",0.333333333333333,1,3,113,0.5
"NAHLN",2022,"{aph(3'')-Ib,blaTEM-1}","{AMINOGLYCOSIDE,BETA-LACTAM}","blaTEM-1|blaLAP-2",0.333333333333333,1,3,1,0.666666666666667
"NAHLN",2022,"{aph(3'')-Ib,aph(6)-Id,blaTEM-1,sul2}","{AMINOGLYCOSIDE,BETA-LACTAM,SULFONAMIDE}","blaTEM-1|sul2|aph(3'')-Ib|aph(6)-Id|tet(A)",0.333333333333333,1,3,9,0.2
"NAHLN",2022,"{aph(3'')-Ib,blaTEM-1}","{AMINOGLYCOSIDE,BETA-LACTAM}","blaTEM-1|sul3",0.333333333333333,1,3,7,0.666666666666667
"NAHLN",2022,"{aph(3'')-Ib,aph(6)-Id,sul2,tet(A)}","{AMINOGLYCOSIDE,SULFONAMIDE,TETRACYCLINE}","blaTEM|sul2|aph(3'')-Ib|aph(6)-Id|tet(A)",0.333333333333333,1,3,1,0.2
"NAHLN",2022,"{aph(3'')-Ib,dfrA36}","{AMINOGLYCOSIDE,TRIMETHOPRIM}","dfrA36",0.333333333333333,1,3,5,0.5
"NAHLN",2021,"{floR,tet(A)}","{PHENICOL,TETRACYCLINE}","floR",0.373626373626374,0.971428571428571,2.15609756097561,169,0.5
"NAHLN",2022,"{aph(3'')-Ib,aph(6)-Id,floR,sul2}","{AMINOGLYCOSIDE,PHENICOL,SULFONAMIDE}","floR|tet(A)|aph(6)-Id|aph(3'')-Ib|sul2|blaTEM",0.333333333333333,1,3,1,0.333333333333333
"NAHLN",2022,"{aph(3'')-Ib,aph(6)-Id,blaTEM-1,floR}","{AMINOGLYCOSIDE,BETA-LACTAM,PHENICOL}","floR|tet(A)|aph(6)-Id|aph(3'')-Ib|sul2|blaTEM-1",0.333333333333333,1,3,4,0.333333333333333
"NAHLN",2022,"{aph(3'')-Ib,aph(6)-Id,blaTEM-1,sul2}","{AMINOGLYCOSIDE,BETA-LACTAM,SULFONAMIDE}","qnrS1|blaTEM-1|sul2|aph(3'')-Ib|aph(6)-Id",0.333333333333333,1,3,1,0.2
"NAHLN",2019,"{glpT_E448K,tet(A)}","{FOSFOMYCIN,TETRACYCLINE}","qnrS1|tet(A)",0.432432432432432,0.864864864864865,1.01587301587302,3,0.666666666666667
"NAHLN",2022,"{aph(3'')-Ib,aph(6)-Id,floR,sul2}","{AMINOGLYCOSIDE,PHENICOL,SULFONAMIDE}","sul1|aac(3)-VIa|aadA1|floR|tet(A)|aph(6)-Id|aph(3'')-Ib|sul2",0.333333333333333,1,3,1,0.5
"NAHLN",2022,"{aph(3'')-Ib,aph(6)-Id,floR,sul2}","{AMINOGLYCOSIDE,PHENICOL,SULFONAMIDE}","sul1|aac(3)-VIa|aadA25|blaCMY-2|sul2|aph(3'')-Ib|aph(6)-Id|tet(A)|floR",0.333333333333333,1,3,1,0.555555555555556
"NAHLN",2021,"{floR,tet(A)}","{PHENICOL,TETRACYCLINE}","sul1|aadA2|dfrA12|floR|tet(A)",0.373626373626374,0.971428571428571,2.15609756097561,1,0.6
"NAHLN",2022,"{aph(3'')-Ib,aph(6)-Id,floR,sul2}","{AMINOGLYCOSIDE,PHENICOL,SULFONAMIDE}","sul1|aadA2|dfrA12|floR|tet(A)|aph(6)-Id|aph(3'')-Ib|sul2",0.333333333333333,1,3,1,0.5
"NAHLN",2022,"{aph(3'')-Ib,aph(3')-Ia}","{AMINOGLYCOSIDE}","sul1|aph(3')-Ia",0.333333333333333,1,3,7,0.666666666666667
"NAHLN",2018,"{glpT_E448K,sul2}","{FOSFOMYCIN,SULFONAMIDE}","sul2",0.419354838709677,0.928571428571429,0.992610837438424,55,0.5
"NAHLN",2019,"{aph(3'')-Ib,sul2}","{AMINOGLYCOSIDE,SULFONAMIDE}","sul2|aph(3'')-Ib",0.405405405405405,0.909090909090909,1.92207792207792,3,0
"NAHLN",2019,"{aph(3'')-Ib,aph(6)-Id,sul2}","{AMINOGLYCOSIDE,SULFONAMIDE}","sul2|aph(3'')-Ib|aph(6)-Id",0.405405405405405,1,2.11428571428571,51,0
"NAHLN",2022,"{aph(3'')-Ib,aph(6)-Id,sul2,tet(A)}","{AMINOGLYCOSIDE,SULFONAMIDE,TETRACYCLINE}","sul2|aph(3'')-Ib|aph(6)-Id|tet(A)",0.333333333333333,1,3,21,0
"NAHLN",2022,"{aph(3'')-Ib,aph(6)-Id,sul2,tet(A)}","{AMINOGLYCOSIDE,SULFONAMIDE,TETRACYCLINE}","sul2|aph(3'')-Ib|aph(6)-Id|tet(A)|aadA1|sat2|dfrA1",0.333333333333333,1,3,2,0.428571428571429
"NAHLN",2022,"{aph(3'')-Ib,aph(6)-Id,floR,sul2}","{AMINOGLYCOSIDE,PHENICOL,SULFONAMIDE}","sul2|aph(3'')-Ib|aph(6)-Id|tet(A)|floR",0.333333333333333,1,3,17,0.2
"NAHLN",2022,"{blaTEM-1,sul2}","{BETA-LACTAM,SULFONAMIDE}","sul2|blaTEM-1",0.333333333333333,1,3,4,0
"NAHLN",2019,"{glpT_E448K,tet(A)}","{FOSFOMYCIN,TETRACYCLINE}","tet(A)",0.432432432432432,0.864864864864865,1.01587301587302,182,0.5
"NAHLN",2018,"{aph(3'')-Ib,aph(6)-Id,tet(A)}","{AMINOGLYCOSIDE,TETRACYCLINE}","tet(A)|aph(3'')-Ib|aph(6)-Id",0.354838709677419,1,1.9375,13,0
"NAHLN",2022,"{blaTEM-1,tet(A)}","{BETA-LACTAM,TETRACYCLINE}","tet(A)|blaTEM-1",0.333333333333333,1,3,4,0
"NAHLN",2021,"{floR,tet(A)}","{PHENICOL,TETRACYCLINE}","tet(A)|floR",0.373626373626374,0.971428571428571,2.15609756097561,11,0
"Retail_Meats",2018,"{aadA1,glpT_E448K}","{AMINOGLYCOSIDE,FOSFOMYCIN}","aadA1",0.0650406504065041,1,1.01652892561983,4,0.5
"Retail_Meats",2018,"{glpT_E448K,sul1}","{FOSFOMYCIN,SULFONAMIDE}","aadA2|sul1",0.032520325203252,1,1.01652892561983,1,0.666666666666667
"Retail_Meats",2018,"{glpT_E448K,sul1}","{FOSFOMYCIN,SULFONAMIDE}","aadA5|sul1",0.032520325203252,1,1.01652892561983,1,0.666666666666667
"Retail_Meats",2018,"{aph(3'')-Ib,aph(6)-Id}","{AMINOGLYCOSIDE}","aph(3'')-Ib",0.130081300813008,1,7.6875,5,0.5
"Retail_Meats",2018,"{aph(3'')-Ib,aph(6)-Id}","{AMINOGLYCOSIDE}","aph(3'')-Ib|aph(6)-Id",0.130081300813008,1,7.6875,34,0
"Retail_Meats",2018,"{aph(3'')-Ib,sul2}","{AMINOGLYCOSIDE,SULFONAMIDE}","aph(3'')-Ib|sul2|blaCMY-2",0.0894308943089431,1,7.6875,1,0.333333333333333
"Retail_Meats",2021,"{aph(3'')-Ib,blaTEM-1,sul2,tet(A)}","{AMINOGLYCOSIDE,BETA-LACTAM,SULFONAMIDE,TETRACYCLINE}","aph(3'')-Ib|sul2|blaTEM-1|tet(A)",0.032069970845481,0.523809523809524,13.8205128205128,2,0
"Retail_Meats",2018,"{aph(3'')-Ib,aph(6)-Id}","{AMINOGLYCOSIDE}","aph(3')-Ia|aph(6)-Id|aph(3'')-Ib",0.130081300813008,1,7.6875,12,0.333333333333333
"Retail_Meats",2018,"{aph(3'')-Ib,aph(6)-Id,tet(B)}","{AMINOGLYCOSIDE,TETRACYCLINE}","aph(3')-Ia|aph(6)-Id|aph(3'')-Ib|tet(B)",0.0650406504065041,1,7.6875,1,0.25
"Retail_Meats",2018,"{aph(3'')-Ib,aph(6)-Id}","{AMINOGLYCOSIDE}","aph(6)-Id",0.130081300813008,1,7.6875,9,0.5
"Retail_Meats",2018,"{aph(3'')-Ib,aph(6)-Id}","{AMINOGLYCOSIDE}","aph(6)-Id|aph(3'')-Ib|aac(3)-IVa",0.130081300813008,1,7.6875,1,0.333333333333333
"Retail_Meats",2018,"{aph(3'')-Ib,aph(6)-Id}","{AMINOGLYCOSIDE}","aph(6)-Id|aph(3'')-Ib|aac(3)-IVa|aph(4)-Ia",0.130081300813008,1,7.6875,1,0.5
"Retail_Meats",2018,"{aph(3'')-Ib,aph(6)-Id}","{AMINOGLYCOSIDE}","aph(6)-Id|aph(3'')-Ib|sul1|aph(6)-Ic|ble|aph(3')-IIa",0.130081300813008,1,7.6875,1,0.666666666666667
"Retail_Meats",2021,"{aph(6)-Id,tet(A)}","{AMINOGLYCOSIDE,TETRACYCLINE}","aph(6)-Id|tet(A)",0.0699708454810496,0.727272727272727,6.56459330143541,1,0
"Retail_Meats",2021,"{aph(3'')-Ib,aph(6)-Id,sul2,tet(A)}","{AMINOGLYCOSIDE,SULFONAMIDE,TETRACYCLINE}","blaCMY|sul2|aph(3'')-Ib|aph(6)-Id|tet(A)",0.0583090379008746,1,10.3939393939394,1,0.2
"Retail_Meats",2018,"{aph(6)-Id,sul2}","{AMINOGLYCOSIDE,SULFONAMIDE}","blaCTX-M-65|sul2",0.0894308943089431,1,7.6875,1,0.666666666666667
"Retail_Meats",2018,"{aadA1,glpT_E448K}","{AMINOGLYCOSIDE,FOSFOMYCIN}","blaOXA|aadA1",0.0650406504065041,1,1.01652892561983,1,0.666666666666667
"Retail_Meats",2017,"{blaTEM-1,glpT_E448K}","{BETA-LACTAM,FOSFOMYCIN}","blaTEM-1",0.0492957746478873,0.875,0.934210526315789,39,0.5
"Retail_Meats",2021,"{aph(3'')-Ib,aph(6)-Id,blaTEM-1,sul2}","{AMINOGLYCOSIDE,BETA-LACTAM,SULFONAMIDE}","blaTEM-1|aph(6)-Id|aph(3'')-Ib|sul2|dfrA14",0.032069970845481,0.407407407407407,10.7492877492877,1,0.2
"Retail_Meats",2021,"{blaTEM-1,sul2}","{BETA-LACTAM,SULFONAMIDE}","blaTEM-1|sul2",0.032069970845481,0.846153846153846,9.06971153846154,2,0
"Retail_Meats",2021,"{aph(3'')-Ib,aph(6)-Id,blaTEM-1,sul2}","{AMINOGLYCOSIDE,BETA-LACTAM,SULFONAMIDE}","blaTEM-1|sul2|aph(3'')-Ib|aph(6)-Id",0.032069970845481,0.407407407407407,10.7492877492877,5,0
"Retail_Meats",2021,"{aph(3'')-Ib,aph(6)-Id,blaTEM-1,sul2,tet(A)}","{AMINOGLYCOSIDE,BETA-LACTAM,SULFONAMIDE,TETRACYCLINE}","blaTEM-1|sul2|aph(3'')-Ib|aph(6)-Id|tet(A)",0.032069970845481,0.55,14.5115384615385,15,0
"Retail_Meats",2017,"{blaTEM-1,glpT_E448K}","{BETA-LACTAM,FOSFOMYCIN}","blaTEM-1|sul3",0.0492957746478873,0.875,0.934210526315789,2,0.666666666666667
"Retail_Meats",2018,"{aph(6)-Id,sul2}","{AMINOGLYCOSIDE,SULFONAMIDE}","blaTEM|sul2",0.0894308943089431,1,7.6875,1,0.666666666666667
"Retail_Meats",2021,"{glpT_E448K,sat2}","{FOSFOMYCIN,STREPTOTHRICIN}","dfrA1|sat2",0.0583090379008746,1,1.02388059701493,1,0.666666666666667
"Retail_Meats",2018,"{glpT_E448K,tet(B)}","{FOSFOMYCIN,TETRACYCLINE}","dfrA5|tet(B)",0.105691056910569,0.866666666666667,0.88099173553719,1,0.666666666666667
"Retail_Meats",2021,"{aph(6)-Id,floR}","{AMINOGLYCOSIDE,PHENICOL}","floR",0.0466472303206997,1,10.3939393939394,51,0.5
"Retail_Meats",2021,"{aph(3'')-Ib,aph(6)-Id,floR}","{AMINOGLYCOSIDE,PHENICOL}","floR|aph(6)-Id|aph(3'')-Ib|aph(3')-Ia",0.0466472303206997,0.5,10.71875,1,0.25
"Retail_Meats",2021,"{aph(3'')-Ib,aph(6)-Id,floR,sul2,tet(A)}","{AMINOGLYCOSIDE,PHENICOL,SULFONAMIDE,TETRACYCLINE}","floR|tet(A)|aph(6)-Id|aph(3'')-Ib|sul2",0.0408163265306122,0.7,15.00625,5,0
"Retail_Meats",2021,"{aph(3'')-Ib,aph(6)-Id,floR,sul2,tet(A)}","{AMINOGLYCOSIDE,PHENICOL,SULFONAMIDE,TETRACYCLINE}","floR|tet(A)|aph(6)-Id|aph(3'')-Ib|sul2|blaTEM-1",0.0408163265306122,0.7,15.00625,6,0.166666666666667
"Retail_Meats",2021,"{glpT_E448K,sat2}","{FOSFOMYCIN,STREPTOTHRICIN}","sat2",0.0583090379008746,1,1.02388059701493,2,0.5
"Retail_Meats",2018,"{aadA1,sat2}","{AMINOGLYCOSIDE,STREPTOTHRICIN}","sat2|aadA1",0.0569105691056911,1,15.375,23,0
"Retail_Meats",2018,"{glpT_E448K,sul1}","{FOSFOMYCIN,SULFONAMIDE}","sul1",0.032520325203252,1,1.01652892561983,5,0.5
"Retail_Meats",2018,"{aadA1,glpT_E448K}","{AMINOGLYCOSIDE,FOSFOMYCIN}","sul1|aadA1",0.0650406504065041,1,1.01652892561983,2,0.666666666666667
"Retail_Meats",2018,"{aph(6)-Id,sul2}","{AMINOGLYCOSIDE,SULFONAMIDE}","sul2",0.0894308943089431,1,7.6875,20,0.5
"Retail_Meats",2018,"{aph(3'')-Ib,sul2}","{AMINOGLYCOSIDE,SULFONAMIDE}","sul2|aph(3'')-Ib",0.0894308943089431,1,7.6875,2,0
"Retail_Meats",2018,"{aph(3'')-Ib,aph(6)-Id,sul2}","{AMINOGLYCOSIDE,SULFONAMIDE}","sul2|aph(3'')-Ib|aph(6)-Id",0.0894308943089431,1,7.6875,22,0
"Retail_Meats",2021,"{aph(3'')-Ib,aph(6)-Id,sul2,tet(A)}","{AMINOGLYCOSIDE,SULFONAMIDE,TETRACYCLINE}","sul2|aph(3'')-Ib|aph(6)-Id|tet(A)",0.0583090379008746,1,10.3939393939394,18,0
"Retail_Meats",2021,"{aph(3'')-Ib,aph(6)-Id,floR,sul2,tet(A)}","{AMINOGLYCOSIDE,PHENICOL,SULFONAMIDE,TETRACYCLINE}","sul2|aph(3'')-Ib|aph(6)-Id|tet(A)|floR|dfrA1|aadA1|sul1",0.0408163265306122,0.7,15.00625,1,0.375
"Retail_Meats",2018,"{aph(6)-Id,sul2}","{AMINOGLYCOSIDE,SULFONAMIDE}","sul2|aph(6)-Id",0.0894308943089431,1,7.6875,5,0
"Retail_Meats",2018,"{aph(3'')-Ib,aph(6)-Id,sul2}","{AMINOGLYCOSIDE,SULFONAMIDE}","sul2|aph(6)-Id|dfrA14|aph(3'')-Ib",0.0894308943089431,1,7.6875,2,0.25
"Retail_Meats",2021,"{aph(3'')-Ib,sul2,tet(A)}","{AMINOGLYCOSIDE,SULFONAMIDE,TETRACYCLINE}","sul2|tet(A)|aph(3'')-Ib",0.0612244897959184,0.954545454545455,9.92148760330579,2,0
"Retail_Meats",2021,"{glpT_E448K,tet(A)}","{FOSFOMYCIN,TETRACYCLINE}","tet(A)",0.0903790087463557,0.815789473684211,0.835271013354281,131,0.5
"Retail_Meats",2021,"{aph(3'')-Ib,aph(6)-Id,tet(A)}","{AMINOGLYCOSIDE,TETRACYCLINE}","tet(A)|aph(3'')-Ib|aph(6)-Id",0.0670553935860058,0.958333333333333,9.96085858585859,18,0
"Retail_Meats",2021,"{glpT_E448K,tet(A)}","{FOSFOMYCIN,TETRACYCLINE}","tet(A)|aph(3')-Ia",0.0903790087463557,0.815789473684211,0.835271013354281,2,0.666666666666667
"Retail_Meats",2021,"{aph(3'')-Ib,aph(6)-Id,sul2,tet(A)}","{AMINOGLYCOSIDE,SULFONAMIDE,TETRACYCLINE}","tet(A)|aph(6)-Id|aph(3'')-Ib|sul2|blaCMY-2",0.0583090379008746,1,10.3939393939394,1,0.2
"Retail_Meats",2021,"{floR,tet(A)}","{PHENICOL,TETRACYCLINE}","tet(A)|floR",0.043731778425656,0.9375,8.46217105263158,3,0
"Retail_Meats",2018,"{glpT_E448K,tet(B)}","{FOSFOMYCIN,TETRACYCLINE}","tet(B)",0.105691056910569,0.866666666666667,0.88099173553719,188,0.5
"Retail_Meats",2019,"{glpT_E448K,tet(C)}","{FOSFOMYCIN,TETRACYCLINE}","tet(C)",0.0590405904059041,0.941176470588235,0.962486126526082,103,0.5
