"","ID","Year","acrF","mdtM","glpT","aph.3....Ib","aph.6..Id","sul2","tet.A.","bla","floR","tet.B.","aph.3...Ia","sul1","aadA1","aadA2","cya","emrD","aadA5","dfrA12","dfrA17","sul3","mph.A.","dfrA1","tet.M.","uhpT","aac.3..VIa","catA1","tet.C.","dfrA14","aac.3..IId","cmlA1"
"1","""E. coli"",""SD57007PPY10042"",""SRS6568102""",2018,1,1,1,0,0,0,0,0,0,0,0,0,0,0,0,0,0,0,0,0,0,0,0,0,0,0,0,0,0,0
"2","""E. coli"",""GA30602PPY10164"",""SRS6569041""",2018,0,1,1,0,0,0,0,0,0,0,0,0,0,0,0,0,0,0,0,0,0,0,0,0,0,0,0,0,0,0
"3","""E. coli"",""GA30602PPY10163"",""SRS6569040""",2018,1,0,1,0,0,0,0,0,0,0,0,0,0,0,0,0,0,0,0,0,0,0,0,0,0,0,0,0,0,0
"4","""E. coli"",""MI48910PPY10017"",""SRS6569058""",2018,1,0,1,0,0,0,0,0,0,0,0,0,0,0,0,0,0,0,0,0,0,0,0,0,0,0,1,0,0,0
"5","""E. coli"",""SRS6569085"",""WA99164PPY10094""",2019,1,1,1,0,0,0,0,0,0,0,0,0,0,0,0,0,0,0,0,0,0,0,0,0,0,0,0,0,0,0
"6","""E. coli"",""SRS6569084"",""WA99164PPY10060""",2018,1,1,1,1,1,1,1,0,1,0,0,1,1,0,0,0,0,0,0,0,0,1,0,0,0,0,0,0,0,0
"7","""CO80526PPY10122"",""E. coli"",""SRS6569201""",2018,1,1,1,1,1,0,1,0,0,0,0,0,0,0,0,0,0,0,0,0,0,0,0,0,0,0,0,0,0,0
"8","""CA95616PPY10001"",""E. coli"",""SRS6569200""",2018,1,1,1,1,1,1,1,1,1,1,1,1,0,1,0,0,0,1,0,0,0,0,1,0,1,0,0,0,0,0
"9","""E. coli"",""SRS6573432"",""TX77840PPY11064""",2018,1,1,1,0,0,0,0,0,0,0,0,0,0,0,0,0,0,0,0,0,0,0,0,0,0,0,0,0,0,0
"10","""E. coli"",""IN47907PPY10016"",""SRS6573431""",2018,0,1,1,0,0,0,0,0,0,0,0,0,0,0,1,0,0,0,0,0,0,0,0,0,0,0,0,0,0,0
"11","""Culture"",""EC-Cow-MI48910PPY10006"",""SRS11475189""",2018,0,1,1,1,1,1,0,1,0,0,0,1,0,0,0,0,1,0,1,0,0,0,0,0,0,0,0,0,1,0
"12","""Culture"",""EC-Cow-KY40511PPY10114"",""SRS11475188""",2018,1,1,1,0,0,0,1,0,0,0,0,0,0,0,0,0,0,0,0,0,0,0,0,0,0,0,0,0,0,0
"13","""Culture"",""EC-Cow-KY40511PPY10001"",""SRS11475187""",2018,1,1,1,0,0,0,1,0,0,0,1,0,1,1,0,0,0,1,0,1,0,0,0,1,0,0,0,0,0,1
"14","""Culture"",""EC-Cow-IN47907PPY10239"",""SRS11475186""",2018,1,1,1,1,1,1,1,1,1,0,0,1,0,0,0,0,1,0,1,0,0,0,0,0,0,0,0,0,1,0
"15","""Culture"",""EC-Cow-GA30602PPY10161"",""SRS11475185""",2018,1,1,1,1,1,1,0,0,0,1,0,0,0,0,0,0,0,0,0,0,0,0,0,0,0,0,0,0,0,0
"16","""Culture"",""EC-Cow-CO80526PPY10133"",""SRS11475184""",2018,1,1,1,0,0,0,0,0,0,0,0,0,0,0,0,0,0,0,0,0,0,0,0,0,0,0,0,0,0,0
"17","""Culture"",""EC-Cow-CA95616PPY10094"",""SRS11475183""",2018,1,1,1,0,0,1,1,1,1,0,0,0,0,0,0,0,0,0,0,0,0,0,0,0,0,0,0,0,0,0
"18","""Culture"",""EC-Cow-AL36849PPY10073"",""SRS11475181""",2018,1,1,0,1,1,1,1,1,1,1,0,1,1,0,0,0,0,0,0,0,0,0,0,0,0,1,0,0,0,0
"19","""Culture"",""EC-Cow-AL36849PPY10005"",""SRS11475180""",2018,1,1,1,0,0,1,0,0,0,1,0,0,0,0,0,0,0,0,0,0,0,0,0,1,0,0,0,0,0,0
"20","""Culture"",""EC-Cow-WI53706PPY10162"",""SRS11475152""",2018,1,1,1,0,0,0,0,0,0,0,0,0,0,0,0,0,0,0,0,0,0,0,0,0,0,0,0,0,0,0
"21","""Culture"",""EC-Cow-WI53706PPY10001"",""SRS11475151""",2018,1,1,1,1,1,1,0,1,0,1,0,0,0,0,0,0,1,0,1,0,0,0,0,0,0,1,0,0,0,0
"22","""Culture"",""EC-Cow-TX77840PPY10779"",""SRS11475150""",2018,1,1,1,1,1,1,1,0,1,0,0,1,0,1,0,0,0,1,0,0,0,0,0,0,0,0,0,0,0,0
"23","""Culture"",""EC-Cow-SD57007PPY10052"",""SRS11475149""",2018,1,1,0,0,0,0,0,0,0,0,0,0,0,0,0,0,0,0,0,0,0,0,0,0,0,0,0,0,0,0
"24","""Culture"",""EC-Cow-PA17110PPY10024"",""SRS11475148""",2018,1,1,0,1,1,0,1,1,0,0,0,0,0,0,0,0,0,0,0,0,0,0,0,0,0,0,0,0,0,0
"25","""Culture"",""EC-Cow-PA17110PPY10015"",""SRS11475146""",2017,1,1,1,0,0,0,0,0,0,0,0,0,0,0,1,1,0,0,0,0,0,0,0,0,0,0,0,0,0,0
"26","""Culture"",""EC-Cow-PA17110PPY10014"",""SRS11475145""",2017,1,1,1,1,1,1,0,1,0,1,0,0,0,0,0,0,1,0,1,0,1,0,0,0,0,0,0,0,1,0
"27","""Culture"",""EC-Cow-PA17110PPY10001"",""SRS11475144""",2018,1,0,1,0,0,0,0,0,0,0,0,0,0,0,0,0,0,0,0,0,0,0,0,1,0,0,0,0,0,0
"28","""Culture"",""EC-Cow-OH43068PPY10066"",""SRS11475143""",2018,1,1,1,0,0,0,1,0,0,0,0,0,0,0,0,0,0,0,0,0,0,0,0,0,0,0,0,0,0,0
"29","""Culture"",""EC-Cow-OH43068PPY10005"",""SRS11475142""",2018,1,1,0,0,0,0,0,0,0,0,0,0,0,0,0,0,0,0,0,0,0,0,0,0,0,0,0,0,0,0
"30","""Culture"",""EC-Cow-NY14853PPY10293"",""SRS11475141""",2018,1,1,1,1,1,0,0,1,0,1,0,0,0,0,0,0,0,0,0,0,0,0,0,0,0,0,0,0,0,0
"31","""Culture"",""EC-Cow-NY14853PPY10001"",""SRS11475140""",2018,1,1,1,1,1,0,0,1,0,1,1,0,0,0,1,0,0,0,0,0,0,0,0,0,0,0,0,0,0,0
"32","""Culture"",""EC-Cow-NE68583PPY10061"",""SRS11475139""",2018,1,1,1,0,0,0,0,0,0,0,0,0,0,0,0,0,0,0,0,0,0,0,0,0,0,0,0,0,0,0
"33","""Culture"",""EC-Cow-NE68583PPY10013"",""SRS11475138""",2018,1,1,1,0,0,0,0,0,0,0,0,0,0,0,0,0,0,0,0,0,0,0,0,0,0,0,0,0,0,0
"34","""Culture"",""EC-Cow-MO65211PPY11006"",""SRS11475137""",2018,1,1,1,1,1,1,1,1,1,0,0,0,1,1,0,0,0,1,0,1,0,0,1,0,0,0,0,0,1,1
"35","""Culture"",""EC-Cow-MO65211PPY10016"",""SRS11475135""",2018,1,0,1,1,1,1,1,1,1,0,0,1,0,1,1,0,0,0,0,0,0,0,0,0,0,0,0,0,0,0
"36","""Culture"",""EC-Cow-MN55108PPY10220"",""SRS11475134""",2018,1,1,1,1,1,1,1,0,1,1,0,1,1,0,0,0,0,0,0,0,0,1,0,0,1,1,0,0,0,0
"37","""Culture"",""EC-Cow-MN55108PPY10004"",""SRS11475133""",2018,1,1,1,1,1,1,1,0,1,0,0,1,1,0,0,0,0,0,0,0,0,0,0,0,0,0,0,1,0,0
"38","""Culture"",""EC-Cow-MN55108PPY20063"",""SRS11537444""",2019,1,0,1,0,0,0,1,1,0,0,0,0,0,0,1,0,0,0,0,0,0,0,0,0,0,0,0,0,0,0
"39","""Culture"",""EC-Cow-MN55108PPY20053"",""SRS11537443""",2019,1,0,1,0,0,1,1,1,1,0,0,0,1,1,1,0,0,1,0,1,0,0,1,0,0,0,0,0,0,1
"40","""Culture"",""EC-Cow-MN55108PPY20049"",""SRS11537442""",2019,0,1,0,1,1,1,1,1,0,1,1,0,0,0,0,0,0,0,0,0,0,0,0,0,0,0,0,0,0,0
"41","""Culture"",""EC-Cow-MI48910PPY20218"",""SRS11537441""",2019,1,1,1,0,0,0,0,0,0,0,0,0,0,0,0,0,0,0,0,0,0,0,0,0,0,0,0,0,0,0
"42","""Culture"",""EC-Cow-MI48910PPY20174"",""SRS11537439""",2019,1,1,1,0,0,0,0,0,0,0,0,0,0,0,0,0,0,0,0,0,0,0,0,0,0,0,0,0,0,0
"43","""Culture"",""EC-Cow-MI48910PPY20138"",""SRS11537438""",2019,1,1,1,1,1,1,0,1,0,1,0,0,0,0,0,0,0,0,0,0,0,0,0,0,0,0,0,0,0,0
"44","""Culture"",""EC-Cow-MI48910PPY20051"",""SRS11537437""",2019,1,1,1,1,1,1,0,0,0,1,1,0,0,0,0,0,0,0,0,0,0,0,0,0,0,0,0,0,0,0
"45","""Culture"",""EC-Cow-MI48910PPY20002"",""SRS11537435""",2019,1,1,1,1,1,1,1,0,1,0,1,1,1,0,0,0,0,0,0,0,0,0,0,0,1,0,0,0,0,0
"46","""Culture"",""EC-Cow-KY40511PPY20308"",""SRS11537436""",2019,1,1,1,1,1,1,1,1,1,0,1,1,0,0,0,0,1,0,1,0,0,0,1,0,1,0,0,0,1,0
"47","""Culture"",""EC-Cow-KY40511PPY20172"",""SRS11537434""",2019,1,1,1,1,1,1,1,0,1,0,0,0,1,0,0,0,0,0,0,0,0,0,0,0,1,0,0,0,0,0
"48","""Culture"",""EC-Cow-KY40511PPY20152"",""SRS11537431""",2019,1,1,1,0,0,0,1,0,1,0,0,0,1,0,0,0,0,0,0,1,0,0,0,0,0,0,0,0,0,0
"49","""Culture"",""EC-Cow-KY40511PPY20117"",""SRS11537432""",2019,1,1,1,0,0,0,1,0,0,0,0,0,0,0,0,0,0,0,0,0,0,0,0,1,0,0,0,0,0,0
"50","""Culture"",""EC-Cow-KY40511PPY20020"",""SRS11537433""",2019,1,1,1,1,1,1,1,0,1,0,0,0,0,0,0,0,0,0,0,0,0,0,0,0,0,0,0,0,0,0
"51","""Culture"",""EC-Cow-KS66506PPY20083"",""SRS11537430""",2019,1,1,1,0,0,0,0,0,0,0,0,0,0,0,0,0,0,0,0,0,0,0,0,0,0,0,0,0,0,0
"52","""Culture"",""EC-Cow-IN47907PPY20582"",""SRS11537429""",2019,1,1,1,1,1,1,1,1,0,0,1,1,0,1,1,1,0,1,0,1,1,0,0,0,0,0,0,1,1,0
"53","""Culture"",""EC-Cow-IN47907PPY20445"",""SRS11537427""",2019,1,1,1,1,1,1,1,1,1,1,1,1,0,1,0,0,1,0,1,0,1,0,1,0,0,1,0,0,1,0
"54","""Culture"",""EC-Cow-IN47907PPY20383"",""SRS11537425""",2019,1,1,1,1,1,1,1,0,1,0,0,0,0,0,0,0,0,0,0,0,0,0,0,0,0,0,0,0,0,0
"55","""Culture"",""EC-Cow-IN47907PPY20292"",""SRS11537426""",2017,1,1,1,1,1,1,1,1,1,0,0,0,0,0,0,0,0,0,0,0,0,0,0,0,0,0,1,0,0,0
"56","""Culture"",""EC-Cow-FL34741PPY20066"",""SRS11537422""",2019,1,1,0,0,0,0,0,0,0,0,0,0,0,0,0,0,0,0,0,0,0,0,0,0,0,0,0,0,0,0
"57","""Culture"",""EC-Cow-CO80526PPY20275"",""SRS11537424""",2019,1,1,0,0,0,0,1,0,1,0,0,0,1,0,0,0,0,0,0,1,0,0,0,0,0,0,0,0,0,0
"58","""Culture"",""EC-Cow-CO80526PPY20178"",""SRS11537421""",2019,1,1,1,1,1,1,1,1,1,0,0,0,0,0,0,0,0,0,0,0,1,0,0,0,0,0,0,0,0,0
"59","""Culture"",""EC-Cow-CO80526PPY20021"",""SRS11537423""",2019,1,1,1,0,0,0,1,0,0,0,0,1,0,1,0,0,0,1,0,0,0,0,0,0,0,0,0,0,0,0
"60","""Culture"",""EC-Cow-CA95616PPY20175"",""SRS11537420""",2019,1,1,1,0,0,0,1,0,0,0,0,0,0,0,0,0,0,0,0,0,0,0,0,1,0,0,0,0,0,0
"61","""Culture"",""EC-Cow-CA95616PPY20145"",""SRS11537419""",2019,1,1,1,1,1,1,1,0,1,0,1,1,1,0,0,0,1,0,1,0,0,0,1,0,1,0,0,0,0,0
"62","""Culture"",""EC-Cow-CA95616PPY20114"",""SRS11537417""",2019,1,1,1,0,0,0,0,0,0,0,0,0,0,0,0,0,0,0,0,0,0,0,0,0,0,0,0,0,0,0
"63","""Culture"",""EC-Cow-CA95616PPY20004"",""SRS11537416""",2019,1,1,1,1,1,1,1,0,1,0,1,0,1,0,0,0,0,0,0,1,0,0,0,0,0,0,0,1,0,0
"64","""Culture"",""EC-Cow-AL36849PPY20161"",""SRS11537415""",2019,1,1,1,0,0,0,0,0,0,0,0,0,0,0,0,0,0,0,0,0,0,0,0,0,0,0,0,0,0,0
"65","""Culture"",""EC-Cow-AL36849PPY20112"",""SRS11537414""",2019,1,1,1,1,1,0,0,1,0,0,0,0,0,0,1,0,0,0,0,0,0,0,0,0,0,0,0,0,0,0
"66","""Culture"",""EC-Cow-AL36849PPY20067"",""SRS11537413""",2019,1,1,1,0,0,0,1,0,0,0,0,0,0,0,0,0,0,0,0,0,0,0,0,0,0,0,0,0,0,0
"67","""Culture"",""EC-Cow-PA16802PPY20050"",""SRS11537411""",2019,1,1,1,1,1,1,1,1,0,0,0,0,0,0,0,0,0,0,0,0,0,0,0,0,0,0,0,0,0,0
"68","""Culture"",""EC-Cow-PA16802PPY20028"",""SRS11537412""",2019,1,1,0,1,1,0,1,1,0,0,0,0,0,0,0,0,0,0,0,0,0,0,0,0,0,0,0,0,0,0
"69","""Culture"",""EC-Cow-PA16802PPY20022"",""SRS11537410""",2019,1,1,1,1,1,1,1,0,0,0,0,0,1,0,0,0,0,0,0,0,0,1,0,0,0,0,0,0,0,0
"70","""Culture"",""EC-Cow-PA16802PPY20004"",""SRS11537409""",2019,1,0,1,0,0,0,0,0,0,0,0,0,0,0,1,1,0,0,0,0,0,0,0,0,0,0,0,0,0,0
"71","""Culture"",""EC-Cow-OH43068PPY20088"",""SRS11537408""",2019,1,1,1,1,1,1,0,0,0,1,0,0,0,0,0,0,0,0,0,0,0,0,0,0,0,0,0,0,0,0
"72","""Culture"",""EC-Cow-OH43068PPY20084"",""SRS11537407""",2019,1,1,0,0,0,0,0,0,0,0,0,0,0,0,0,0,0,0,0,0,0,0,0,0,0,0,0,0,0,0
"73","""Culture"",""EC-Cow-OH43068PPY20073"",""SRS11537406""",2019,1,1,0,0,0,0,0,0,0,0,0,0,0,0,0,0,0,0,0,0,0,0,0,0,0,0,0,0,0,0
"74","""Culture"",""EC-Cow-OH43068PPY20020"",""SRS11537404""",2019,1,1,0,0,0,0,0,0,0,0,0,0,0,0,0,0,0,0,0,0,0,0,0,0,0,0,0,0,0,0
"75","""Culture"",""EC-Cow-OH43068PPY20018"",""SRS11537403""",2019,1,1,1,0,0,0,1,0,1,1,1,0,1,0,0,0,0,0,0,1,0,0,0,0,0,0,0,1,0,0
"76","""Culture"",""EC-Cow-OH43068PPY20015"",""SRS11537401""",2019,1,1,1,0,0,1,0,0,0,0,0,0,0,0,0,0,0,0,0,0,0,0,0,0,0,0,1,0,0,0
"77","""Culture"",""EC-Cow-OH43068PPY20014"",""SRS11537400""",2019,1,1,1,0,0,0,0,0,0,1,0,0,1,0,0,0,0,0,0,0,0,1,0,0,0,0,0,0,0,0
"78","""Culture"",""EC-Cow-NY14853PPY20433"",""SRS11537399""",2019,1,1,0,0,0,0,1,1,0,0,0,0,0,0,0,0,0,0,0,0,0,0,0,0,0,0,0,0,0,0
"79","""Culture"",""EC-Cow-NY14853PPY20429"",""SRS11537398""",2019,1,1,1,1,1,1,0,0,0,1,0,0,0,0,0,0,0,0,0,0,0,0,0,0,0,0,0,0,0,0
"80","""Culture"",""EC-Cow-NY14853PPY20427"",""SRS11537397""",2019,1,1,1,1,1,1,1,0,1,0,0,0,0,0,0,0,0,0,0,0,1,0,0,0,0,0,0,0,0,0
"81","""Culture"",""EC-Cow-NY14853PPY20319"",""SRS11537396""",2019,1,1,0,0,0,0,1,1,0,0,0,0,0,0,0,0,0,0,0,0,0,0,0,0,0,0,0,0,0,0
"82","""Culture"",""EC-Cow-NY14853PPY20226"",""SRS11537395""",2019,1,1,0,0,0,0,0,0,0,0,0,0,0,0,0,0,0,0,0,0,0,0,0,0,0,0,0,0,0,0
"83","""Culture"",""EC-Cow-NE68583PPY20165"",""SRS11537394""",2019,1,1,1,0,0,0,0,0,0,0,0,0,0,0,0,0,0,0,0,0,0,0,0,0,0,0,1,0,0,0
"84","""Culture"",""EC-Cow-NE68583PPY20056"",""SRS11537393""",2019,1,1,1,1,1,1,1,0,1,0,1,1,1,0,0,0,0,0,0,0,0,1,0,0,1,0,0,0,0,0
"85","""Culture"",""EC-Cow-NE68583PPY20009"",""SRS11537392""",2019,1,1,1,0,0,0,0,0,0,0,0,0,0,0,0,0,0,0,0,0,0,0,0,0,0,0,0,0,0,0
"86","""Culture"",""EC-Cow-ND58102PPY20027"",""SRS11537389""",2019,1,1,0,1,1,0,0,1,0,0,0,0,0,0,0,0,0,0,0,0,0,0,0,0,0,0,0,0,0,0
"87","""Culture"",""EC-Cow-MO65211PPY20142"",""SRS11537390""",2019,1,1,1,0,0,0,0,0,0,0,0,0,0,0,1,0,0,0,0,0,0,0,0,0,0,0,0,0,0,0
"88","""Culture"",""EC-Cow-MO65211PPY20135"",""SRS11537388""",2019,1,1,0,1,1,1,0,1,1,1,1,0,0,0,0,0,0,0,0,0,0,0,0,0,0,0,0,0,0,0
"89","""Culture"",""EC-Cow-MO65211PPY20119"",""SRS11537387""",2019,1,1,1,0,0,0,0,0,0,0,0,0,0,0,0,0,0,0,0,0,0,0,0,0,0,0,0,0,0,0
"90","""Culture"",""EC-Cow-MO65211PPY20101"",""SRS11537386""",2019,1,1,1,1,1,1,1,1,1,0,0,1,1,1,1,0,0,1,0,0,0,0,1,1,0,0,0,0,0,1
"91","""Culture"",""EC-Cow-MN55108PPY20082"",""SRS11537385""",2019,1,1,1,0,0,1,1,1,1,0,1,1,0,0,0,0,0,0,0,0,0,0,0,0,0,0,0,0,0,0
"92","""Culture"",""EC-Cow-WI53706PPY20178"",""SRS11537347""",2019,1,1,1,1,1,1,1,1,1,0,0,0,0,0,0,0,0,0,0,0,0,0,0,0,0,0,0,0,0,0
"93","""Culture"",""EC-Cow-WI53706PPY20167"",""SRS11537348""",2019,1,1,1,0,0,0,0,0,0,0,0,0,0,0,0,0,0,0,0,0,0,0,0,0,0,0,0,0,0,0
"94","""Culture"",""EC-Cow-WI53706PPY20137"",""SRS11537346""",2019,1,1,1,1,1,1,1,1,1,0,1,0,0,0,0,0,0,0,0,0,0,0,0,0,0,0,0,0,0,0
"95","""Culture"",""EC-Cow-WI53706PPY20054"",""SRS11537344""",2019,1,1,0,0,0,0,0,0,0,1,0,0,0,0,0,0,0,0,0,0,0,0,0,0,0,0,0,0,0,0
"96","""Culture"",""EC-Cow-WI53706PPY20021"",""SRS11537343""",2019,1,1,1,1,1,1,1,0,1,1,0,0,0,0,0,0,0,0,0,0,0,0,0,0,0,0,0,0,0,0
"97","""Culture"",""EC-Cow-WI53706PPY20016"",""SRS11537342""",2019,1,1,1,1,1,1,0,0,0,1,1,0,0,0,0,0,1,0,1,0,0,0,0,0,0,1,0,0,0,0
"98","""Culture"",""EC-Cow-WA99164PPY20241"",""SRS11537341""",2019,1,1,1,0,0,0,0,0,0,0,0,0,0,0,0,0,0,0,0,0,0,0,0,0,0,0,0,0,0,0
"99","""Culture"",""EC-Cow-TX77840PPY20050"",""SRS11537339""",2019,1,1,1,0,0,0,0,0,0,0,0,0,0,0,0,0,0,0,0,0,0,0,0,0,0,0,0,0,0,0
"100","""Culture"",""EC-Cow-TX77840PPY20010"",""SRS11537338""",2019,1,1,1,1,1,1,1,0,1,0,0,0,0,0,0,0,0,0,0,0,0,0,0,1,0,0,0,0,0,0
"101","""Culture"",""EC-Cow-SD57007PPY20097"",""SRS11537340""",2019,1,1,1,0,0,0,0,0,0,0,0,0,0,0,0,0,0,0,0,0,0,0,0,0,0,0,0,0,0,0
"102","""Culture"",""EC-Cow-SD57007PPY20086"",""SRS11537337""",2019,1,1,1,0,0,0,0,1,0,1,0,0,0,0,0,0,0,0,0,0,0,0,0,0,0,0,0,0,0,0
"103","""Culture"",""EC-Cow-SD57007PPY20084"",""SRS11537335""",2019,1,1,1,1,1,1,1,1,1,0,0,1,0,0,0,0,1,0,1,0,0,0,0,0,0,0,0,0,1,0
"104","""Culture"",""EC-Cow-SD57007PPY20067"",""SRS11537336""",2019,1,1,1,1,1,1,1,1,1,1,1,0,1,1,0,0,0,1,0,1,0,0,1,0,0,0,0,0,1,1
"105","""Culture"",""EC-Cow-SD57007PPY20066"",""SRS11537333""",2019,1,1,1,0,0,0,1,0,1,0,0,0,1,0,0,0,0,0,0,1,0,0,0,0,0,0,1,1,0,0
"106","""Culture"",""EC-Cow-PA17110PPY20044"",""SRS11537332""",2019,1,1,0,1,1,1,0,0,0,1,1,0,0,0,0,0,0,0,0,0,0,0,0,0,0,0,0,0,0,0
"107","""Culture"",""EC-Cow-PA17110PPY20034"",""SRS11537331""",2019,1,0,1,1,1,0,0,1,0,1,1,0,0,0,1,0,0,0,0,0,0,0,0,0,0,0,0,0,0,0
"108","""Culture"",""EC-Cow-PA17110PPY20023"",""SRS11537330""",2019,1,1,1,1,1,0,1,0,0,0,0,0,0,0,0,0,0,0,0,0,0,0,0,0,0,0,0,0,0,0
"109","""Culture"",""EC-Cow-PA17110PPY20016"",""SRS11537329""",2019,1,1,1,1,1,1,0,0,0,1,1,1,1,0,0,0,1,0,0,0,1,1,0,0,0,0,0,0,0,0
"110","""Culture"",""EC-Cow-PA17110PPY20005"",""SRS11537328""",2019,1,1,1,0,0,0,0,0,0,0,0,0,0,0,0,0,0,0,0,0,0,0,0,0,0,0,0,0,0,0
"111","""Culture"",""EC-Cow-PA17110PPY20004"",""SRS11537327""",2019,1,1,1,1,1,1,0,1,1,1,0,0,0,0,0,1,0,0,0,0,0,0,0,0,0,0,0,0,0,0
"112","""Culture"",""EC-Cow-PA17110PPY20001"",""SRS11537326""",2019,1,1,1,0,0,0,0,0,0,0,0,0,0,0,1,0,0,0,0,0,0,0,0,0,0,0,0,0,0,0
"113","""Culture"",""EC-Cow-PA16802PPY20065"",""SRS11537325""",2019,0,1,1,0,0,0,0,0,0,0,0,0,0,0,0,0,0,0,0,0,0,0,0,0,0,0,0,0,0,0
"114","""Culture"",""EC-Cow-PA16802PPY20054"",""SRS11537324""",2019,1,1,0,0,0,0,0,1,0,1,0,1,1,0,0,0,0,0,0,0,0,0,0,0,0,1,0,0,0,0
"115","""Culture"",""EC-Cow-AL36849PPY30116"",""SRS11780671""",2020,1,1,1,1,1,1,1,1,1,0,0,0,0,0,0,0,0,0,0,0,0,0,0,0,0,0,0,0,0,0
"116","""Culture"",""EC-Cow-AL36849PPY30086"",""SRS11780670""",2020,1,1,1,1,1,1,1,1,1,0,0,0,0,0,0,1,0,0,0,0,0,0,0,1,0,0,0,0,0,0
"117","""Culture"",""EC-Cow-WI53706PPY30257"",""SRS11826563""",2020,1,1,1,1,1,1,0,1,0,1,0,0,1,0,0,0,0,0,0,0,0,1,0,0,0,0,0,0,0,0
"118","""Culture"",""EC-Cow-WI53706PPY30205"",""SRS11826562""",2020,1,1,0,0,0,0,0,0,0,1,1,1,0,0,0,0,0,0,0,0,0,0,0,0,1,0,0,0,0,0
"119","""Culture"",""EC-Cow-WI53706PPY30075"",""SRS11826561""",2020,1,0,1,1,1,0,0,1,0,0,0,0,0,0,1,0,0,0,0,0,0,0,0,0,0,0,0,0,0,0
"120","""Culture"",""EC-Cow-WI53706PPY30074"",""SRS11826559""",2020,1,1,1,1,1,1,1,0,1,0,1,1,1,0,0,0,0,0,0,0,0,1,0,0,1,0,0,0,0,0
"121","""Culture"",""EC-Cow-WI53706PPY30021"",""SRS11826560""",2020,1,1,1,1,1,1,0,1,0,1,0,1,0,0,0,0,1,0,1,0,0,0,0,0,0,0,0,0,1,0
"122","""Culture"",""EC-Cow-WI53706PPY30002"",""SRS11826558""",2020,1,1,1,0,0,0,0,0,0,0,0,0,0,0,0,0,0,0,0,0,0,0,0,0,0,0,0,0,0,0
"123","""Culture"",""EC-Cow-WA99164PPY30044_2"",""SRS11826556""",2020,1,1,0,0,0,0,0,0,0,0,0,0,0,0,0,0,0,0,0,0,0,0,0,0,0,0,0,0,0,0
"124","""Culture"",""EC-Cow-TX77845PPY30121"",""SRS11826557""",2020,1,1,1,0,0,0,0,0,0,0,0,0,0,0,1,1,0,0,0,0,0,0,0,0,0,0,0,0,0,0
"125","""Culture"",""EC-Cow-TX77840PPY30094"",""SRS11826555""",2020,1,1,1,0,0,0,0,0,0,0,0,0,0,0,0,0,0,0,0,0,0,0,0,0,0,0,0,0,0,0
"126","""Culture"",""EC-Cow-SD57007PPY30079"",""SRS11826554""",2020,1,1,1,0,0,0,0,0,0,0,0,0,0,0,0,0,0,0,0,0,0,0,0,0,0,0,0,0,0,0
"127","""Culture"",""EC-Cow-CO80526PPY30339"",""SRS11826553""",2021,1,1,1,1,1,1,1,1,1,0,0,1,1,1,0,0,0,0,0,1,0,1,0,0,0,0,0,0,0,1
"128","""Culture"",""EC-Cow-SD57007PPY30078"",""SRS11826552""",2020,1,1,1,1,1,1,0,1,1,1,1,1,0,1,0,0,0,1,0,0,0,0,0,0,0,0,0,0,0,0
"129","""Culture"",""EC-Cow-SD57007PPY30075_2"",""SRS11826551""",2020,1,1,1,1,1,1,0,0,0,1,1,0,0,0,0,0,0,0,0,0,0,0,0,0,0,0,0,0,0,0
"130","""Culture"",""EC-Cow-SD57007PPY30073"",""SRS11826550""",2020,1,1,1,0,0,0,0,0,0,0,0,0,0,0,0,1,0,0,0,0,0,0,0,0,0,0,0,0,0,0
"131","""Culture"",""EC-Cow-SD57007PPY30070"",""SRS11826548""",2020,1,1,1,0,0,0,0,1,0,1,0,0,0,0,0,0,0,0,0,0,0,0,0,0,0,0,0,0,0,0
"132","""Culture"",""EC-Cow-SD57007PPY30068"",""SRS11826549""",2020,1,0,1,0,0,0,0,0,0,0,0,0,0,0,1,1,0,0,0,0,0,0,0,0,0,0,0,0,0,0
"133","""Culture"",""EC-Cow-SD57007PPY30067"",""SRS11826547""",2020,1,1,1,1,1,1,1,1,1,0,0,0,0,0,0,0,0,0,0,0,0,0,0,0,0,0,0,0,0,0
"134","""Culture"",""EC-Cow-SD57007PPY30066"",""SRS11826546""",2020,1,1,1,0,0,0,1,0,0,0,0,0,0,0,0,0,0,0,0,0,0,0,0,0,0,0,0,0,0,0
"135","""Culture"",""EC-Cow-PA17110PPY30038"",""SRS11826545""",2020,1,1,1,1,1,1,0,1,0,0,1,0,0,0,0,0,0,0,0,0,0,0,0,0,0,0,0,0,0,0
"136","""Culture"",""EC-Cow-PA17110PPY30034"",""SRS11826544""",2020,1,1,1,1,1,1,1,1,1,0,0,0,0,0,1,1,1,0,1,0,0,0,0,0,0,0,0,0,0,0
"137","""Culture"",""EC-Cow-PA17110PPY30033"",""SRS11826543""",2020,1,1,0,0,0,1,0,1,0,0,0,1,1,0,0,0,0,0,0,0,0,1,0,0,0,0,0,0,0,0
"138","""Culture"",""EC-Cow-CO80526PPY30312"",""SRS11826542""",2021,1,1,1,0,0,0,0,0,0,0,0,0,0,0,0,0,0,0,0,0,0,0,0,0,0,0,0,0,0,0
"139","""Culture"",""EC-Cow-PA17110PPY30027"",""SRS11826541""",2020,1,1,0,0,0,0,1,1,0,0,0,1,1,0,0,0,0,0,0,0,0,1,0,0,0,0,0,0,0,0
"140","""Culture"",""EC-Cow-PA17110PPY30021"",""SRS11826540""",2020,1,1,0,1,1,1,0,0,0,1,1,0,0,0,0,0,0,0,0,0,0,0,0,0,0,0,0,0,0,0
"141","""Culture"",""EC-Cow-PA17110PPY30017"",""SRS11826539""",2020,1,0,1,1,1,1,0,1,0,1,1,0,0,0,1,0,0,0,0,0,0,0,0,0,0,0,0,0,0,0
"142","""Culture"",""EC-Cow-PA17110PPY30016"",""SRS11826538""",2020,1,1,0,0,0,0,1,1,0,0,0,0,0,0,0,0,0,0,0,0,0,0,0,0,0,0,0,0,0,0
"143","""Culture"",""EC-Cow-PA17110PPY30011"",""SRS11826537""",2020,1,1,0,1,1,0,0,0,0,0,1,0,0,0,0,0,0,0,0,0,0,0,0,0,0,0,0,0,0,0
"144","""Culture"",""EC-Cow-PA17110PPY30003"",""SRS11826536""",2020,1,1,1,0,0,1,1,1,1,0,1,0,1,1,0,0,0,1,0,1,0,0,0,0,0,0,0,0,0,1
"145","""Culture"",""EC-Cow-PA17110PPY30002"",""SRS11826535""",2020,0,1,1,0,0,0,0,0,0,0,0,0,0,0,0,0,0,0,0,0,0,0,0,0,0,0,0,0,0,0
"146","""Culture"",""EC-Cow-PA16802PPY30077"",""SRS11826533""",2020,1,1,1,1,1,1,1,0,1,0,0,0,0,0,0,0,0,0,0,0,0,0,0,0,0,0,0,0,0,0
"147","""Culture"",""EC-Cow-PA16802PPY30075"",""SRS11826532""",2020,1,1,1,0,0,0,0,0,0,0,0,0,0,0,0,0,0,0,0,0,0,0,0,0,0,0,0,0,0,0
"148","""Culture"",""EC-Cow-CO80526PPY30304"",""SRS11826531""",2021,1,1,1,1,1,1,1,1,1,0,0,0,0,0,0,0,0,0,0,0,0,0,0,0,0,0,0,0,0,0
"149","""Culture"",""EC-Cow-PA16802PPY30045"",""SRS11826530""",2020,1,1,1,0,0,0,0,0,0,0,0,0,0,0,1,0,0,0,0,0,0,0,0,0,0,0,0,0,0,0
"150","""Culture"",""EC-Cow-PA16802PPY30044"",""SRS11826529""",2020,1,1,1,0,0,1,1,1,1,0,1,0,1,1,0,1,0,1,0,0,0,0,1,0,0,0,0,0,0,1
"151","""Culture"",""EC-Cow-PA16802PPY30001_2"",""SRS11826527""",2020,1,1,1,0,0,1,0,0,1,0,0,0,0,0,1,1,0,0,0,0,0,0,0,0,0,0,0,0,0,0
"152","""Culture"",""EC-Cow-OH43068PPY30065"",""SRS11826528""",2020,1,1,1,1,1,1,0,0,0,1,0,0,0,0,0,0,0,0,0,0,0,0,0,0,0,0,0,0,0,0
"153","""Culture"",""EC-Cow-OH43068PPY30064"",""SRS11826525""",2020,1,1,1,1,1,1,1,1,1,0,0,0,0,0,0,0,0,0,0,0,0,0,0,0,0,0,0,0,0,0
"154","""Culture"",""EC-Cow-OH43068PPY30063"",""SRS11826526""",2020,1,0,1,0,0,0,1,1,0,0,1,1,0,0,1,1,0,0,0,0,0,0,0,0,0,0,0,0,0,0
"155","""Culture"",""EC-Cow-OH43068PPY30062"",""SRS11826524""",2020,1,1,1,1,1,1,1,1,1,0,0,1,0,0,0,0,0,0,0,0,0,0,0,0,0,0,0,0,0,0
"156","""Culture"",""EC-Cow-OH43068PPY30045"",""SRS11826523""",2020,1,1,0,1,1,1,1,1,1,0,0,0,0,0,0,0,0,0,0,0,0,0,0,0,0,0,0,0,0,0
"157","""Culture"",""EC-Cow-OH43068PPY30044"",""SRS11826522""",2020,1,1,0,0,0,0,0,1,0,0,0,0,0,0,0,0,0,0,0,0,0,0,0,0,0,0,0,0,0,0
"158","""Culture"",""EC-Cow-OH43068PPY30025"",""SRS11826521""",2020,1,1,0,1,1,1,1,1,1,0,0,1,0,0,0,0,0,0,0,0,0,0,0,0,1,0,0,1,0,0
"159","""Culture"",""EC-Cow-CO80526PPY30293"",""SRS11826519""",2021,1,1,1,0,0,0,0,0,0,1,0,0,0,0,0,0,0,0,0,0,0,0,0,0,0,0,0,0,0,0
"160","""Culture"",""EC-Cow-OH43068PPY30003"",""SRS11826520""",2020,1,1,1,0,0,0,0,0,0,0,0,0,0,0,1,0,0,0,0,0,0,0,0,0,0,0,0,0,0,0
"161","""Culture"",""EC-Cow-OH43068PPY30002"",""SRS11826517""",2020,1,1,1,1,1,1,0,0,0,1,1,1,1,0,0,0,0,0,0,0,0,1,0,0,0,0,0,0,0,0
"162","""Culture"",""EC-Cow-NY14853PPY30365"",""SRS11826518""",2020,1,1,0,1,1,1,1,0,1,0,0,1,0,1,0,0,0,0,0,0,0,0,0,0,0,0,0,0,0,0
"163","""Culture"",""EC-Cow-NY14853PPY30356"",""SRS11826516""",2020,1,1,1,0,0,0,0,0,0,0,0,0,0,0,0,0,0,0,0,0,0,0,0,0,0,0,0,0,0,0
"164","""Culture"",""EC-Cow-NY14853PPY30287"",""SRS11826515""",2020,1,1,1,1,1,1,0,0,0,1,1,0,1,0,0,0,0,0,0,0,0,1,0,0,0,0,0,0,0,0
"165","""Culture"",""EC-Cow-NY14853PPY30265"",""SRS11826514""",2020,1,1,0,1,1,1,0,1,0,1,1,1,0,0,0,0,1,0,1,0,0,0,0,0,0,0,0,0,1,0
"166","""Culture"",""EC-Cow-NE68583PPY30273"",""SRS11826513""",2020,1,1,1,0,0,0,0,0,0,0,0,0,0,0,0,0,0,0,0,0,0,0,0,0,0,0,0,0,0,0
"167","""Culture"",""EC-Cow-NE68583PPY30070"",""SRS11826512""",2020,1,1,1,0,0,0,0,0,0,0,0,0,0,0,0,0,0,0,0,0,0,0,0,0,0,0,0,0,0,0
"168","""Culture"",""EC-Cow-NE68583PPY30015"",""SRS11826511""",2020,1,1,1,0,0,0,0,0,0,0,0,0,0,0,0,0,0,0,0,0,0,0,0,0,0,0,0,0,0,0
"169","""Culture"",""EC-Cow-ND58102PPY30175"",""SRS11826510""",2020,1,1,1,1,1,1,1,1,1,0,1,1,0,1,0,0,1,1,1,0,1,0,1,0,0,0,0,0,0,0
"170","""Culture"",""EC-Cow-CA95616PPY30211"",""SRS11826509""",2020,1,1,1,0,0,0,1,0,0,0,0,0,0,0,0,0,0,0,0,0,0,0,0,0,0,0,0,0,0,0
"171","""Culture"",""EC-Cow-ND58102PPY30045"",""SRS11826508""",2020,1,1,1,1,1,1,1,0,0,1,1,0,0,0,0,0,0,0,0,0,0,0,0,0,0,0,0,0,0,0
"172","""Culture"",""EC-Cow-MS39208PPY30193"",""SRS11826507""",2020,1,1,1,0,0,0,1,0,0,0,0,1,1,0,0,1,0,0,0,0,0,0,0,0,1,0,0,0,0,0
"173","""Culture"",""EC-Cow-MS39208PPY30175"",""SRS11826506""",2020,1,1,1,0,0,0,0,0,0,0,0,0,0,0,0,0,0,0,0,0,0,0,0,0,0,0,0,0,0,0
"174","""Culture"",""EC-Cow-MS39208PPY30036"",""SRS11826505""",2020,1,1,0,0,0,0,0,0,0,0,0,0,0,0,0,0,0,0,0,0,0,0,0,0,0,0,1,0,0,0
"175","""Culture"",""EC-Cow-MO65211PPY30121"",""SRS11826504""",2020,1,1,0,1,1,0,0,1,0,1,1,0,0,0,0,0,0,0,0,0,1,0,1,0,0,0,0,0,0,0
"176","""Culture"",""EC-Cow-MO65211PPY30119"",""SRS11826503""",2020,1,1,1,0,0,0,0,0,0,0,0,0,0,0,0,0,0,0,0,0,0,0,0,0,0,0,0,0,0,0
"177","""Culture"",""EC-Cow-MO65211PPY30108"",""SRS11826502""",2020,1,1,1,0,0,0,0,0,0,0,0,0,0,0,0,0,0,0,0,0,0,0,0,0,0,0,0,0,0,0
"178","""Culture"",""EC-Cow-MO65211PPY30101"",""SRS11826501""",2020,1,1,1,0,0,0,0,0,0,0,0,0,0,0,0,0,0,0,0,0,0,0,0,0,0,0,1,0,0,0
"179","""Culture"",""EC-Cow-MN55108PPY30061"",""SRS11826500""",2020,1,1,1,0,0,0,0,0,0,0,0,0,0,0,0,0,0,0,0,0,0,0,0,0,0,0,0,0,0,0
"180","""Culture"",""EC-Cow-MN55108PPY30060"",""SRS11826499""",2020,1,1,1,1,1,1,0,1,1,1,1,1,1,0,0,0,1,0,1,1,1,0,0,0,0,1,0,1,0,0
"181","""Culture"",""EC-Cow-CA95616PPY30140"",""SRS11826498""",2020,1,1,1,1,1,1,1,0,1,0,0,0,0,0,0,0,0,0,0,0,0,0,0,0,0,0,0,0,0,0
"182","""Culture"",""EC-Cow-MN55108PPY30052"",""SRS11826497""",2020,1,1,1,0,0,0,0,0,0,0,0,0,0,0,0,0,0,0,0,0,0,0,0,0,0,0,0,0,0,0
"183","""Culture"",""EC-Cow-MN55108PPY30051"",""SRS11826496""",2020,1,1,1,1,1,1,0,0,0,1,0,0,0,0,0,0,0,0,0,0,0,0,0,0,0,0,0,0,0,0
"184","""Culture"",""EC-Cow-MI48910PPY30134"",""SRS11826495""",2020,1,1,1,1,1,1,1,1,1,0,1,1,0,1,0,0,0,1,0,0,0,0,1,0,0,1,0,0,0,0
"185","""Culture"",""EC-Cow-MI48910PPY30005"",""SRS11826494""",2020,1,1,1,0,0,0,0,0,0,0,0,0,0,0,0,0,0,0,0,0,0,0,0,0,0,0,0,0,0,0
"186","""Culture"",""EC-Cow-LA70803PPY30052"",""SRS11826493""",2020,1,1,1,0,0,0,0,0,0,0,0,0,0,0,0,0,0,0,0,0,0,0,0,0,0,0,1,0,0,0
"187","""Culture"",""EC-Cow-LA70803PPY30002"",""SRS11826492""",2020,1,1,1,0,0,1,0,1,1,1,0,1,0,0,0,0,0,0,0,0,0,1,0,0,0,1,0,0,0,0
"188","""Culture"",""EC-Cow-KY42240PPY30163"",""SRS11826491""",2020,1,1,1,0,0,0,1,1,0,0,0,0,0,0,0,0,0,0,0,0,0,0,1,0,0,0,0,0,0,0
"189","""Culture"",""EC-Cow-KY42240PPY30062"",""SRS11826490""",2020,1,1,1,0,0,0,0,0,0,1,0,0,0,0,0,0,0,0,0,0,0,0,0,1,0,0,0,0,0,0
"190","""Culture"",""EC-Cow-KY42240PPY30004"",""SRS11826489""",2020,1,1,1,1,1,1,1,1,1,0,0,0,0,0,0,0,0,0,0,0,0,0,0,0,0,0,0,0,0,0
"191","""Culture"",""EC-Cow-KY42240PPY30001"",""SRS11826488""",2020,1,1,1,1,1,1,1,1,1,0,1,1,1,1,0,0,0,1,0,0,0,0,1,0,0,0,0,0,0,1
"192","""Culture"",""EC-Cow-CA95616PPY30094"",""SRS11826487""",2020,1,1,1,0,0,0,0,0,1,0,1,0,1,0,0,0,0,0,0,1,0,0,0,0,0,0,0,1,0,0
"193","""Culture"",""EC-Cow-KY40511PPY30167"",""SRS11826486""",2020,1,1,1,0,0,0,0,0,0,0,0,0,0,0,0,0,0,0,0,0,0,0,0,0,0,0,0,0,0,0
"194","""Culture"",""EC-Cow-KY40511PPY30098"",""SRS11826485""",2020,1,1,1,0,0,0,0,0,0,0,0,0,0,0,0,0,0,0,0,0,0,0,0,0,0,0,0,0,0,0
"195","""Culture"",""EC-Cow-KY40511PPY30046"",""SRS11826484""",2020,1,1,1,0,0,0,0,0,0,0,0,0,0,0,0,0,0,0,0,0,0,0,0,0,0,0,0,0,0,0
"196","""Culture"",""EC-Cow-KY40511PPY30037"",""SRS11826483""",2020,1,1,1,0,0,0,0,0,0,0,0,0,0,0,0,0,0,0,0,0,0,0,0,0,0,0,0,0,0,0
"197","""Culture"",""EC-Cow-IN47907PPY30240"",""SRS11826482""",2020,1,1,1,1,1,1,1,1,1,0,0,0,0,0,0,0,0,0,0,0,0,0,0,0,0,0,0,0,0,0
"198","""Culture"",""EC-Cow-IN47907PPY30192"",""SRS11826481""",2020,1,1,1,0,0,0,1,1,1,1,1,1,1,0,0,0,0,0,0,1,0,0,0,0,0,1,0,1,0,0
"199","""Culture"",""EC-Cow-IN47907PPY30162"",""SRS11826479""",2020,1,1,1,0,0,0,0,0,0,0,0,0,0,0,0,0,0,0,0,0,0,0,0,0,0,0,0,0,0,0
"200","""Culture"",""EC-Cow-IN47907PPY30109"",""SRS11826477""",2020,1,1,1,1,1,1,0,0,0,1,0,0,0,0,0,0,0,0,0,0,0,0,0,0,0,0,0,0,0,0
"201","""Culture"",""EC-Cow-IN47907PPY30075"",""SRS11826478""",2020,1,1,1,1,1,1,1,1,1,0,0,0,0,0,0,0,0,0,0,0,0,0,0,0,0,0,0,0,0,0
"202","""Culture"",""EC-Cow-CA95616PPY30046"",""SRS11826476""",2020,1,1,1,1,1,1,1,1,1,0,1,1,1,1,0,0,0,1,0,0,0,1,1,1,1,0,0,0,0,0
"203","""Culture"",""EC-Cow-IN47907PPY30032"",""SRS11826474""",2020,1,1,1,1,1,1,1,0,1,1,1,1,1,1,0,0,0,1,0,0,0,1,1,0,1,0,0,0,0,0
"204","""Culture"",""EC-Cow-IA50014PPY30036"",""SRS11826472""",2021,1,1,1,1,1,1,1,1,1,0,0,0,0,0,0,0,0,0,0,0,0,0,0,0,0,0,0,1,0,0
"205","""Culture"",""EC-Cow-IA50014PPY30010_2"",""SRS11826473""",2020,1,1,1,0,0,0,1,0,1,0,1,0,1,0,0,0,0,0,0,1,0,0,0,0,0,0,0,1,0,0
"206","""Culture"",""EC-Cow-IA50014PPY30009"",""SRS11826471""",2020,1,1,1,0,0,0,0,0,0,0,0,0,0,0,0,0,0,0,0,0,0,0,0,0,0,0,0,0,0,0
"207","""Culture"",""EC-Cow-GA30602PPY30388"",""SRS11826470""",2020,1,1,1,0,0,0,0,0,0,0,0,0,0,0,0,0,0,0,0,0,0,0,0,0,0,0,0,0,0,0
"208","""Culture"",""EC-Cow-GA30602PPY30383"",""SRS11826469""",2020,1,1,1,1,1,1,1,1,1,0,0,0,0,0,0,0,0,0,0,0,0,0,0,0,0,0,0,0,0,0
"209","""Culture"",""EC-Cow-GA30602PPY30382"",""SRS11826464""",2020,1,1,1,0,0,0,0,0,0,0,0,0,0,0,0,0,0,0,0,0,0,0,0,0,0,0,1,0,0,0
"210","""Culture"",""EC-Cow-GA30602PPY30381"",""SRS11826453""",2020,1,1,1,0,0,0,0,0,0,0,0,0,0,0,1,0,0,0,0,0,0,0,0,0,0,0,0,0,0,0
"211","""Culture"",""EC-Cow-FL34741PPY30070"",""SRS11826443""",2020,1,1,1,0,0,0,0,0,0,0,0,0,0,0,0,0,0,0,0,0,0,0,0,0,0,0,0,0,0,0
"212","""Culture"",""EC-Cow-AL36849PPY30178"",""SRS11826441""",2020,1,1,1,1,0,1,1,1,1,0,1,1,0,1,0,1,0,1,0,0,0,0,0,0,0,0,0,0,0,0
"213","""Culture"",""EC-Cow-AL36849PPY30154"",""SRS11826439""",2020,1,1,1,1,1,1,1,0,1,0,0,1,0,1,0,0,0,1,0,0,0,0,0,0,0,0,0,0,0,0
"214","""Culture"",""EC-Cow-SD57007PPY20100"",""SRS16423074""",2019,1,1,1,0,0,0,0,0,0,0,0,0,0,0,0,0,0,0,0,0,0,0,0,0,0,0,0,0,0,0
"215","""Culture"",""EC-Cow-IA50014PPY40025"",""SRS16423072""",2021,1,0,1,1,1,0,0,1,0,1,1,0,0,0,1,0,0,0,0,0,0,0,0,0,0,0,0,0,0,0
"216","""Culture"",""EC-Cow-IA50014PPY40019"",""SRS16423071""",2021,1,1,1,0,0,0,0,0,0,0,0,0,0,0,0,0,0,0,0,0,0,0,0,0,0,0,0,0,0,0
"217","""Culture"",""EC-Cow-IA50014PPY40016"",""SRS16423070""",2021,1,1,1,0,0,0,1,0,1,0,1,0,1,0,0,0,0,0,0,1,0,0,0,0,0,0,0,1,0,0
"218","""Culture"",""EC-Cow-IA50014PPY40001"",""SRS16423069""",2021,1,1,1,1,1,1,1,0,1,0,1,1,0,0,1,0,1,0,1,0,0,0,0,1,0,0,0,0,0,0
"219","""Culture"",""EC-Cow-GA30602PPY40384"",""SRS16423068""",2021,1,1,1,1,1,1,1,1,1,0,0,0,0,0,0,0,0,0,0,0,0,0,0,0,0,0,0,0,0,0
"220","""Culture"",""EC-Cow-GA30602PPY40382"",""SRS16423067""",2021,1,1,1,1,1,1,1,1,1,1,1,1,1,0,0,0,0,0,0,0,0,1,0,0,1,0,0,0,0,0
"221","""Culture"",""EC-Cow-GA30602PPY40381"",""SRS16423066""",2021,1,1,1,0,0,0,0,0,0,0,0,0,0,0,0,0,0,0,0,0,0,0,0,0,0,0,0,0,0,0
"222","""Culture"",""EC-Cow-FL34741PPY40001"",""SRS16423065""",2021,1,0,1,0,0,0,0,0,0,0,0,0,0,0,0,0,0,0,0,0,0,0,0,0,0,0,1,0,0,0
"223","""Culture"",""EC-Cow-CO80526PPY40230"",""SRS16423064""",2021,1,1,1,0,0,1,1,1,1,0,1,0,1,1,0,0,0,1,0,1,0,0,1,0,0,0,0,0,0,1
"224","""Culture"",""EC-Cow-CO80526PPY40229"",""SRS16423063""",2021,1,1,1,0,0,0,1,1,1,0,0,0,1,1,0,0,0,1,0,1,0,0,0,0,0,0,0,0,0,1
"225","""Culture"",""EC-Cow-CO80526PPY40172"",""SRS16423061""",2021,1,1,1,0,0,0,0,0,0,0,0,0,0,0,0,0,0,0,0,0,0,0,0,0,0,0,0,0,0,0
"226","""Culture"",""EC-Cow-CO80526PPY40142"",""SRS16423060""",2021,1,1,0,0,0,0,1,1,1,0,1,0,0,0,0,0,0,0,0,1,1,0,0,0,0,0,0,1,1,0
"227","""Culture"",""EC-Cow-CO80526PPY40117"",""SRS16423059""",2021,1,1,1,0,0,1,1,1,1,0,1,0,1,1,0,0,0,1,0,1,0,0,1,0,0,0,0,0,0,1
"228","""Culture"",""EC-Cow-CO80526PPY40114"",""SRS16423058""",2021,1,1,1,1,1,1,1,0,1,0,0,0,0,0,0,0,0,0,0,0,0,0,0,0,0,0,0,0,0,0
"229","""Culture"",""EC-Cow-CA95616PPY40176"",""SRS16423057""",2021,1,1,0,1,1,1,1,0,1,1,1,1,0,1,0,0,0,1,0,0,1,0,0,0,0,1,0,0,0,0
"230","""Culture"",""EC-Cow-CA95616PPY40091"",""SRS16423056""",2021,1,1,1,0,0,0,0,0,0,0,0,0,0,0,0,0,0,0,0,0,0,0,0,0,0,0,0,0,0,0
"231","""Culture"",""EC-Cow-CA95616PPY40013"",""SRS16423055""",2021,1,1,1,0,0,0,0,0,0,0,0,0,0,0,0,0,0,0,0,0,0,0,0,0,0,0,0,0,0,0
"232","""Culture"",""EC-Cow-AL36849PPY40189"",""SRS16423053""",2021,1,1,1,0,0,1,1,1,1,0,1,0,1,1,0,0,0,1,0,1,0,0,1,0,0,0,0,0,1,1
"233","""Culture"",""EC-Cow-AL36849PPY40174"",""SRS16423052""",2021,1,1,1,1,1,1,1,0,1,0,0,1,1,0,0,0,0,0,0,0,0,0,0,0,1,0,0,0,0,0
"234","""Culture"",""EC-Cow-AL36849PPY40157"",""SRS16423049""",2021,1,1,1,1,1,0,1,0,0,0,0,0,0,0,0,0,0,0,0,0,0,0,0,0,0,0,0,0,0,0
"235","""Culture"",""EC-Cow-AL36849PPY40119"",""SRS16423048""",2021,1,1,1,0,0,0,1,1,1,0,0,0,1,0,0,0,0,0,0,0,0,0,0,0,0,0,0,1,0,0
"236","""Culture"",""EC-Cow-AL36849PPY40103"",""SRS16423047""",2021,0,1,0,1,1,1,1,0,1,0,1,1,0,1,0,0,1,1,1,0,0,0,0,0,1,0,0,0,0,0
"237","""Culture"",""EC-Cow-AL36849PPY40077"",""SRS16423046""",2021,1,1,1,0,0,0,0,0,0,0,0,0,0,0,0,0,0,0,0,0,0,0,0,0,0,0,0,0,0,0
"238","""Culture"",""EC-Cow-AL36849PPY40039"",""SRS16423045""",2021,1,1,1,1,1,1,1,0,1,0,0,0,1,0,0,0,0,0,0,0,0,0,0,0,1,0,0,0,0,0
"239","""Culture"",""EC-Cow-AL36849PPY10190"",""SRS16423044""",2019,1,1,1,0,0,0,0,0,0,0,0,0,0,0,0,0,0,0,0,0,0,0,0,0,0,0,1,0,0,0
"240","""Culture"",""EC-Cow-KY40511PPY40056"",""SRS18551089""",2021,1,1,1,0,0,0,0,0,0,0,0,0,0,0,0,0,0,0,0,0,0,0,0,0,0,0,0,0,0,0
"241","""Culture"",""EC-Cow-KY40511PPY40021"",""SRS18551090""",2021,1,1,0,1,1,1,0,0,0,1,0,0,0,0,0,0,0,0,0,0,0,0,0,0,0,0,0,0,0,0
"242","""Culture"",""EC-Cow-WI53706PPY40290"",""SRS18551088""",2021,1,1,1,1,1,0,0,0,0,1,0,0,0,0,0,0,0,0,0,0,0,0,0,0,0,0,0,0,0,0
"243","""Culture"",""EC-Cow-WI53706PPY40272"",""SRS18551087""",2021,1,1,1,0,0,0,0,0,0,0,0,0,0,0,0,0,0,0,0,0,0,0,0,0,0,0,0,0,0,0
"244","""Culture"",""EC-Cow-IN47907PPY40214"",""SRS18551086""",2021,1,1,1,0,0,0,1,0,1,0,1,0,1,0,0,0,0,0,0,1,0,0,0,0,0,0,0,0,0,0
"245","""Culture"",""EC-Cow-WI53706PPY40239"",""SRS18551085""",2021,1,1,0,0,0,0,0,1,0,0,0,0,0,0,0,0,0,0,0,0,0,0,0,0,0,0,0,0,0,0
"246","""Culture"",""EC-Cow-WI53706PPY40086"",""SRS18551084""",2021,1,1,1,0,0,0,0,0,0,0,0,0,0,0,0,0,0,0,0,0,0,0,0,0,0,0,0,0,0,0
"247","""Culture"",""EC-Cow-WI53706PPY40060"",""SRS18551083""",2021,1,0,1,0,0,0,0,0,0,0,0,0,0,0,0,0,0,0,0,0,0,0,0,0,0,0,0,0,0,0
"248","""Culture"",""EC-Cow-WI53706PPY40003"",""SRS18551082""",2021,1,1,1,1,1,1,0,1,0,1,1,1,0,1,0,0,1,0,1,0,0,0,0,0,0,1,0,0,0,0
"249","""Culture"",""EC-Cow-TX77840PPY40241"",""SRS18551081""",2021,1,1,1,1,1,1,1,1,0,0,0,1,0,0,0,0,1,0,1,0,1,0,0,0,0,1,0,0,0,0
"250","""Culture"",""EC-Cow-TX77840PPY40230"",""SRS18551080""",2021,1,1,1,0,0,0,0,0,0,0,0,0,0,0,0,0,0,0,0,0,0,0,0,1,0,0,0,0,0,0
"251","""Culture"",""EC-Cow-TX77840PPY40164"",""SRS18551079""",2021,1,1,1,0,0,0,0,0,0,0,0,0,0,0,0,0,0,0,0,0,0,0,0,0,0,0,0,0,0,0
"252","""Culture"",""EC-Cow-TN37220PPY40053"",""SRS18551078""",2021,1,1,1,1,1,1,1,0,1,0,0,1,0,0,0,0,0,0,0,0,0,0,0,0,1,0,0,0,0,0
"253","""Culture"",""EC-Cow-TN37220PPY40030"",""SRS18551077""",2021,1,1,1,0,0,0,0,0,0,0,0,0,0,0,0,0,0,0,0,0,0,0,0,0,0,0,0,0,0,0
"254","""Culture"",""EC-Cow-TN37220PPY40021"",""SRS18551076""",2021,1,1,1,1,1,1,1,1,1,0,0,0,0,0,0,0,0,0,0,0,0,0,0,0,0,1,0,0,0,0
"255","""Culture"",""EC-Cow-IN47907PPY40173"",""SRS18551075""",2021,1,1,1,0,0,0,0,0,0,0,0,0,0,0,0,0,0,0,0,0,0,0,0,0,0,0,0,0,0,0
"256","""Culture"",""EC-Cow-SD57007PPY40069"",""SRS18551074""",2021,1,1,1,0,0,0,0,0,0,1,0,0,0,0,0,0,0,0,0,0,0,0,0,0,0,0,0,0,0,0
"257","""Culture"",""EC-Cow-SD57007PPY40068_2"",""SRS18551073""",2021,1,1,1,0,0,0,1,0,0,0,0,0,0,0,0,0,0,0,0,0,0,0,0,0,0,0,0,0,0,0
"258","""Culture"",""EC-Cow-SD57007PPY40067"",""SRS18551072""",2021,1,1,1,1,1,1,1,0,1,1,0,1,1,0,0,0,1,0,1,1,0,0,0,0,0,1,1,0,0,0
"259","""Culture"",""EC-Cow-SD57007PPY40066"",""SRS18551071""",2021,1,1,1,0,0,1,1,1,1,1,0,0,1,1,0,0,0,1,0,1,0,0,1,0,0,0,0,0,0,1
"260","""Culture"",""EC-Cow-PA17110PPY40024"",""SRS18551070""",2021,1,1,1,0,0,0,0,0,0,0,0,0,0,0,0,0,0,0,0,0,0,0,0,0,0,0,0,0,0,0
"261","""Culture"",""EC-Cow-PA17110PPY40016"",""SRS18551069""",2021,1,1,1,1,1,0,0,0,0,1,0,0,0,0,0,0,0,0,0,0,0,0,0,0,0,0,0,0,0,0
"262","""Culture"",""EC-Cow-PA17110PPY40015"",""SRS18551068""",2021,1,0,1,1,1,0,0,1,0,1,1,0,0,0,1,0,0,0,0,0,0,0,0,0,0,0,0,0,0,0
"263","""Culture"",""EC-Cow-PA17110PPY40013"",""SRS18551067""",2021,1,1,1,0,0,0,1,1,1,0,1,0,0,0,0,1,0,0,0,1,1,0,0,0,0,0,0,1,1,0
"264","""Culture"",""EC-Cow-PA16802PPY40068"",""SRS18551066""",2021,1,1,1,0,0,1,1,0,1,0,1,0,1,1,0,0,0,1,0,1,0,0,1,0,0,0,0,0,1,1
"265","""Culture"",""EC-Cow-PA16802PPY40020_2"",""SRS18551065""",2021,1,1,1,1,1,1,0,0,0,1,0,0,0,0,0,0,0,0,0,0,0,0,0,0,0,0,0,0,0,0
"266","""Culture"",""EC-Cow-IN47907PPY40109"",""SRS18551064""",2021,1,1,1,1,1,1,1,0,1,0,0,0,0,0,0,0,0,0,0,0,0,0,0,0,0,0,0,0,0,0
"267","""Culture"",""EC-Cow-PA16802PPY40001_3"",""SRS18551063""",2021,1,1,0,1,1,1,1,1,1,1,1,1,0,1,0,0,0,1,0,0,1,0,1,0,0,0,0,0,0,0
"268","""Culture"",""EC-Cow-OH43068PPY40037"",""SRS18551062""",2021,1,1,0,1,1,1,0,0,0,1,1,1,0,0,0,0,1,0,1,0,0,0,0,0,1,0,0,0,0,0
"269","""Culture"",""EC-Cow-OH43068PPY40032"",""SRS18551061""",2021,1,1,0,1,1,1,1,0,1,1,1,0,0,0,0,0,0,0,0,0,0,0,0,0,1,0,0,0,0,0
"270","""Culture"",""EC-Cow-OH43068PPY40005"",""SRS18551060""",2021,1,1,1,1,1,1,0,0,0,1,1,0,0,0,0,0,0,0,0,0,0,0,1,0,0,0,0,1,0,0
"271","""Culture"",""EC-Cow-OH43068PPY40002"",""SRS18551059""",2021,1,1,0,0,0,0,1,0,0,0,1,1,0,0,0,0,1,0,1,0,0,0,0,0,1,0,0,0,0,0
"272","""Culture"",""EC-Cow-NE68583PPY40250"",""SRS18551058""",2021,1,0,1,0,0,0,0,0,0,0,0,0,0,0,0,0,0,0,0,0,0,0,0,0,0,0,0,0,0,0
"273","""Culture"",""EC-Cow-NE68583PPY40158"",""SRS18551057""",2021,1,1,1,0,0,0,0,0,0,0,0,0,0,0,0,0,0,0,0,0,0,0,0,1,0,0,0,0,0,0
"274","""Culture"",""EC-Cow-NE68583PPY40134"",""SRS18551056""",2021,1,1,1,1,1,1,1,0,1,0,0,0,0,0,0,0,0,0,0,0,0,0,0,0,0,0,0,0,0,0
"275","""Culture"",""EC-Cow-NE68583PPY40096"",""SRS18551055""",2021,1,1,1,1,0,1,1,0,1,0,1,0,1,0,0,0,0,0,0,1,0,0,0,0,0,0,0,1,0,0
"276","""Culture"",""EC-Cow-NE68583PPY40001"",""SRS18551054""",2021,1,1,1,0,0,0,1,0,0,0,0,0,0,0,0,0,0,0,0,0,0,0,0,0,0,0,0,0,0,0
"277","""Culture"",""EC-Cow-IN47907PPY40089"",""SRS18551053""",2021,1,1,1,0,0,0,0,0,0,0,0,0,0,0,0,0,0,0,0,0,0,0,0,1,0,0,1,0,0,0
"278","""Culture"",""EC-Cow-ND58102PPY40102"",""SRS18551052""",2021,1,1,1,1,1,1,0,0,0,1,1,0,1,0,0,0,0,0,0,0,0,1,0,0,0,0,0,0,0,0
"279","""Culture"",""EC-Cow-ND58102PPY40045"",""SRS18551051""",2021,1,1,1,0,0,0,0,0,0,1,0,0,0,0,0,0,0,0,0,0,0,0,0,0,0,0,0,0,0,0
"280","""Culture"",""EC-Cow-NC27607PPY40026"",""SRS18551050""",2021,1,1,1,0,0,0,0,0,0,0,0,0,0,0,0,0,0,0,0,0,0,0,0,0,0,0,1,0,0,0
"281","""Culture"",""EC-Cow-MS39208PPY40292"",""SRS18551049""",2021,1,1,1,0,0,0,1,0,0,0,0,0,0,0,0,0,0,0,0,0,0,0,0,0,0,0,0,0,0,0
"282","""Culture"",""EC-Cow-MS39208PPY40213_2"",""SRS18551048""",2021,1,1,1,1,1,1,1,0,1,0,0,1,1,0,1,1,0,0,0,0,0,0,0,0,1,0,0,0,0,0
"283","""Culture"",""EC-Cow-MS39208PPY40186"",""SRS18551047""",2021,1,1,1,1,1,1,1,0,1,0,0,0,0,0,0,0,0,0,0,0,0,0,0,0,0,0,0,0,0,0
"284","""Culture"",""EC-Cow-MS39208PPY40154"",""SRS18551046""",2021,1,1,1,1,1,1,1,0,1,1,1,1,0,1,0,0,0,1,0,0,0,0,0,0,0,0,0,0,0,0
"285","""Culture"",""EC-Cow-MS39208PPY40030"",""SRS18551045""",2021,1,0,1,0,0,0,0,0,0,0,0,0,0,0,0,0,0,0,0,0,0,0,0,0,0,0,0,0,0,0
"286","""Culture"",""EC-Cow-MO65211PPY40105"",""SRS18551044""",2021,1,1,1,0,0,0,0,0,0,0,0,0,0,0,0,0,0,0,0,0,0,0,0,0,0,0,1,0,0,0
"287","""Culture"",""EC-Cow-MO65211PPY40104"",""SRS18551043""",2021,1,1,1,1,1,1,1,0,1,0,0,0,0,0,0,0,1,0,1,0,0,0,0,1,0,0,0,0,0,0
"288","""Culture"",""EC-Cow-IN47907PPY40002_2"",""SRS18551042""",2021,1,1,1,0,0,0,0,0,0,0,0,0,0,0,0,0,0,0,0,0,0,0,0,0,0,0,0,0,0,0
"289","""Culture"",""EC-Cow-MO65211PPY40103"",""SRS18551041""",2021,1,1,1,1,1,0,0,0,0,1,0,1,1,0,1,1,0,0,0,0,0,0,0,0,0,0,0,0,0,0
"290","""Culture"",""EC-Cow-MO65211PPY40102"",""SRS18551040""",2021,1,1,1,0,0,0,0,0,0,0,0,0,0,0,0,0,0,0,0,0,0,0,0,0,0,0,0,0,0,0
"291","""Culture"",""EC-Cow-MO65211PPY40101"",""SRS18551039""",2021,1,1,0,0,0,0,1,1,1,0,0,1,0,1,0,0,0,1,0,1,1,0,0,0,0,0,0,0,0,0
"292","""Culture"",""EC-Cow-MN55108PPY40081"",""SRS18551038""",2021,1,1,1,0,0,0,0,0,0,0,0,0,0,0,0,0,0,0,0,0,0,0,0,0,0,0,0,0,0,0
"293","""Culture"",""EC-Cow-MN55108PPY40057"",""SRS18551037""",2021,1,1,1,0,0,1,0,0,1,1,0,1,0,0,0,0,1,0,1,0,1,0,0,0,0,0,0,0,0,0
"294","""Culture"",""EC-Cow-MN55108PPY40053"",""SRS18551036""",2021,1,1,1,1,1,1,1,1,1,1,1,1,1,0,0,0,1,0,1,0,1,1,0,0,0,1,0,0,0,0
"295","""Culture"",""EC-Cow-MI48910PPY40137"",""SRS18551035""",2022,1,1,1,1,1,1,1,1,1,0,1,0,0,0,0,0,0,0,0,0,0,0,0,0,0,0,0,0,0,0
"296","""Culture"",""EC-Cow-MI48910PPY40122"",""SRS18551034""",2021,1,1,1,0,0,0,0,0,0,0,0,0,0,0,0,0,0,0,0,0,0,0,0,0,0,0,0,0,0,0
"297","""Culture"",""EC-Cow-MI48910PPY40119"",""SRS18551033""",2021,1,1,0,1,1,1,1,0,1,0,1,0,0,0,0,0,0,0,0,0,0,0,0,0,0,0,0,0,0,0
"298","""Culture"",""EC-Cow-MI48910PPY40085"",""SRS18551032""",2021,0,1,1,0,0,0,0,0,0,0,0,0,0,0,0,0,0,0,0,0,0,0,0,0,0,0,0,0,0,0
"299","""Culture"",""EC-Cow-IL61802PPY40130"",""SRS18551031""",2022,1,1,1,0,0,0,0,0,0,0,0,0,0,0,0,0,0,0,0,0,0,0,0,0,0,0,0,0,0,0
"300","""Culture"",""EC-Cow-KY42240PPY40176"",""SRS18551030""",2021,1,1,1,0,0,0,0,0,0,0,0,0,0,0,0,0,0,0,0,0,0,0,0,0,0,0,0,0,0,0
"301","""Culture"",""EC-Cow-KY42240PPY40151"",""SRS18551029""",2021,1,1,1,1,1,0,1,0,0,0,0,0,0,0,0,0,0,0,0,0,0,0,0,0,0,0,0,0,0,0
"302","""Culture"",""EC-Cow-KY42240PPY40134"",""SRS18551028""",2021,1,1,1,0,0,0,0,0,0,0,0,0,0,0,0,0,0,0,0,0,0,0,0,1,0,0,0,0,0,0
"303","""Culture"",""EC-Cow-KY42240PPY40116"",""SRS18551027""",2021,1,1,1,0,0,0,0,0,0,0,0,0,0,0,0,0,0,0,0,0,0,0,0,0,0,0,0,0,0,0
"304","""Culture"",""EC-Cow-KY42240PPY40099"",""SRS18551026""",2021,1,1,1,0,0,0,1,0,0,0,0,0,0,0,0,1,0,0,0,0,0,0,0,0,0,0,0,0,0,0
"305","""Culture"",""EC-Cow-KY42240PPY40085"",""SRS18551025""",2021,1,1,1,0,0,0,0,0,0,0,0,0,0,0,0,0,0,0,0,0,0,0,0,0,0,0,0,0,0,0
"306","""Culture"",""EC-Cow-KY42240PPY40023"",""SRS18551024""",2021,1,1,1,1,1,1,0,0,0,1,0,0,0,0,0,0,0,0,0,0,0,0,0,0,0,0,0,0,0,0
"307","""Culture"",""EC-Cow-KY40511PPY40208"",""SRS18551023""",2021,1,1,1,0,0,0,0,0,0,0,0,0,0,0,1,0,0,0,0,0,0,0,0,1,0,0,0,0,0,0
"308","""Culture"",""EC-Cow-KY40511PPY40172"",""SRS18551022""",2021,1,1,1,0,0,0,0,0,0,0,0,0,0,0,0,0,0,0,0,0,0,0,0,0,0,0,0,0,0,0
"309","""Culture"",""EC-Cow-KY40511PPY40104_2"",""SRS18551021""",2021,1,1,1,0,0,0,1,0,1,0,1,1,1,0,0,0,1,0,1,1,1,0,0,0,0,0,0,0,0,0
"310","""Culture"",""EC-Cow-IL61802PPY40069"",""SRS18551020""",2022,1,1,1,0,0,0,0,0,0,0,0,0,0,0,0,0,0,0,0,0,0,0,0,0,0,0,0,0,0,0
"311","""Culture"",""EC-Cow-IL61802PPY40028"",""SRS18551019""",2021,1,1,1,0,0,0,0,0,0,0,0,0,0,0,0,0,0,0,0,0,0,0,0,0,0,0,0,0,0,0
"312","""EC-Cow-KS66506PPY50092"",""SRS20176613""",2022,1,1,1,1,1,1,0,0,0,1,0,0,0,0,0,0,0,0,0,0,0,0,0,0,0,0,0,0,0,0
"313","""EC-Cow-IN47907PPY50160"",""SRS20176612""",2017,1,1,1,1,1,1,1,1,0,0,0,0,0,0,0,0,0,0,0,0,0,0,0,0,0,0,0,0,0,0
"314","""EC-Cow-IN47907PPY50135"",""SRS20176611""",2017,0,1,0,1,1,1,1,1,1,0,0,1,0,0,0,0,1,0,1,0,1,0,0,0,0,0,0,1,1,0
"315","""EC-Cow-IN47907PPY50075"",""SRS20176610""",2022,1,1,1,1,1,1,0,0,0,1,1,0,0,0,1,1,0,0,0,0,0,0,0,1,0,0,0,1,0,0
"316","""EC-Cow-IN47907PPY50033"",""SRS20176608""",2022,1,1,1,0,0,0,0,0,0,0,0,0,0,0,0,1,0,0,0,0,0,0,0,1,0,0,0,0,0,0
"317","""EC-Cow-IA50014PPY50004"",""SRS20176609""",2022,0,1,1,0,0,0,0,0,0,0,0,0,0,0,0,0,0,0,0,0,0,0,0,0,0,0,0,0,0,0
"318","""EC-Cow-PA17110PPY50001"",""SRS20176602""",2022,1,1,1,1,1,1,1,0,1,1,0,0,0,0,0,0,0,0,0,0,0,0,0,0,0,0,0,0,0,0
"319","""EC-Cow-PA16802PPY50077"",""SRS20176600""",2022,1,1,1,0,0,0,0,0,0,0,0,0,1,1,0,0,0,1,0,1,0,0,0,0,0,0,0,0,0,1
"320","""EC-Cow-IA50014PPY50003"",""SRS20176601""",2022,1,1,1,1,1,1,1,0,0,1,1,0,0,0,0,0,0,0,0,0,0,0,0,0,0,0,0,1,0,0
"321","""EC-Cow-PA16802PPY50069"",""SRS20176598""",2022,1,1,1,1,1,0,0,1,0,1,0,0,0,0,0,1,0,0,0,0,0,0,0,0,0,0,0,0,0,0
"322","""EC-Cow-OH43068PPY50037"",""SRS20176599""",2022,1,1,1,1,1,1,0,0,0,1,0,0,0,0,0,0,0,0,0,0,0,0,0,0,0,0,0,0,0,0
"323","""EC-Cow-OH43068PPY50017"",""SRS20176597""",2022,1,1,1,1,1,1,1,1,1,0,1,0,0,0,0,0,0,0,0,0,0,0,0,0,0,0,0,0,0,0
"324","""EC-Cow-NY14853PPY50009"",""SRS20176596""",2022,1,1,1,1,1,1,1,1,1,1,0,1,1,0,0,0,1,0,1,0,1,1,0,0,1,0,0,0,0,0
"325","""EC-Cow-NE68583PPY50135"",""SRS20176595""",2022,1,1,1,1,1,1,0,0,0,1,0,0,0,0,0,0,0,0,0,0,0,0,0,0,0,0,0,0,0,0
"326","""EC-Cow-ND58102PPY50125"",""SRS20176594""",2022,1,1,1,1,1,1,1,0,1,0,1,1,1,1,1,1,0,1,0,1,0,0,1,1,0,0,0,0,0,0
"327","""EC-Cow-ND58102PPY50072"",""SRS20176593""",2022,1,1,1,1,1,0,0,1,0,1,0,0,0,0,1,1,0,0,0,0,0,0,0,1,0,0,0,0,0,0
"328","""EC-Cow-NC27607PPY50016"",""SRS20176592""",2022,1,1,1,0,0,0,0,0,0,0,0,0,0,0,0,0,0,0,0,0,0,0,0,0,0,0,0,0,0,0
"329","""EC-Cow-NC27607PPY50009"",""SRS20176591""",2022,1,1,1,0,0,0,1,0,0,0,0,0,0,0,0,0,0,0,0,0,0,0,0,0,0,0,0,0,0,0
"330","""EC-Cow-MS39208PPY50220"",""SRS20176590""",2022,1,1,1,0,0,0,0,0,0,0,0,0,0,0,0,0,0,0,0,0,0,0,0,0,0,0,1,0,0,0
"331","""EC-Cow-IA50014PPY50002"",""SRS20176589""",2022,1,1,1,1,1,1,1,1,1,1,1,1,0,0,0,0,1,0,1,0,1,0,0,0,0,1,0,0,0,0
"332","""EC-Cow-MS39208PPY50086"",""SRS20176588""",2022,1,1,1,0,0,0,0,0,0,0,0,0,0,0,0,0,0,0,0,0,0,0,0,0,0,0,0,0,0,0
"333","""EC-Cow-MO65211PPY50102"",""SRS20176586""",2022,1,0,1,0,0,0,0,0,0,0,0,0,0,0,1,1,0,0,0,0,0,0,0,0,0,0,0,0,0,0
"334","""EC-Cow-MO65211PPY50101"",""SRS20176587""",2022,1,1,1,1,1,0,0,0,0,1,1,0,0,0,0,0,0,0,0,0,0,0,0,0,0,0,0,0,0,0
"335","""EC-Cow-MN55108PPY50072"",""SRS20176585""",2022,1,1,1,0,0,0,0,0,0,0,0,0,0,0,0,1,0,0,0,0,0,0,0,0,0,0,0,0,0,0
"336","""EC-Cow-KY42240PPY50069"",""SRS20176584""",2022,1,1,1,1,1,1,1,0,1,1,0,1,1,0,0,0,1,0,1,0,0,1,0,0,0,0,0,0,0,0
"337","""EC-Cow-KY42240PPY50048"",""SRS20176583""",2022,1,1,1,0,0,1,0,0,0,1,0,0,0,0,0,0,0,0,0,0,0,0,0,0,0,0,0,0,0,0
"338","""EC-Cow-KY42240PPY50015"",""SRS20176581""",2022,1,0,1,1,1,0,0,1,0,1,0,0,0,0,1,1,0,0,0,0,0,0,0,0,0,0,0,0,0,0
"339","""EC-Cow-KY42240PPY50001"",""SRS20176582""",2022,1,1,1,1,1,1,1,0,1,1,0,1,0,0,0,0,1,0,1,0,0,0,0,0,0,1,0,0,0,0
"340","""EC-Cow-KY40511PPY50037"",""SRS20176580""",2022,1,1,1,0,0,0,0,0,0,0,0,0,0,0,0,0,0,0,0,0,0,0,0,0,0,0,1,0,0,0
"341","""EC-Cow-KY40511PPY50002"",""SRS20176579""",2022,1,0,1,0,0,0,0,0,0,0,0,0,0,0,0,1,0,0,0,0,0,0,0,0,0,0,1,0,0,0
"342","""EC-Cow-CO80526PPY50274"",""SRS20176578""",2022,1,1,0,0,0,0,0,0,0,1,0,0,0,0,0,0,0,0,0,0,0,0,0,0,0,0,0,0,0,0
"343","""EC-Cow-AL36849PPY50085"",""SRS20176577""",2022,1,1,1,1,1,1,1,1,1,0,0,0,0,0,0,0,0,0,0,0,0,0,0,0,0,0,0,0,0,0
"344","""EC-Cow-WI53706CY230043"",""SRS20179372""",2017,1,1,1,0,0,0,0,0,0,0,0,0,0,0,1,1,0,0,0,0,0,0,0,0,0,0,0,0,0,0
"345","""EC-Cow-WI53706CY230004"",""SRS20179373""",2017,1,1,1,1,1,1,1,1,0,1,1,1,1,0,0,0,1,0,1,1,1,0,0,0,0,0,0,0,0,0
"346","""EC-Cow-PA17110CY230013"",""SRS20179371""",2017,1,1,1,0,0,1,1,1,1,0,0,0,1,1,0,0,0,1,0,1,0,0,0,0,0,0,0,0,0,1
"347","""EC-Cow-PA17110CY230001"",""SRS20179370""",2017,1,1,1,1,1,1,1,0,1,0,0,0,0,0,0,0,1,0,1,0,0,0,0,0,0,0,0,0,0,0
"348","""EC-Cow-PA16802CY230036"",""SRS20179369""",2017,1,1,1,0,0,0,0,0,0,0,0,0,0,0,0,0,0,0,0,0,0,0,0,0,0,0,0,0,0,0
"349","""EC-Cow-PA16802CY230019"",""SRS20179367""",2017,1,1,1,0,0,0,0,0,0,0,0,0,0,0,0,0,0,0,0,0,0,0,0,0,0,0,0,0,0,0
"350","""EC-Cow-NE68583CY230088"",""SRS20179368""",2017,1,1,1,0,0,0,0,0,0,0,0,0,0,0,0,0,0,0,0,0,0,0,0,0,0,0,0,0,0,0
"351","""EC-Cow-MO65211CY230102"",""SRS20179366""",2017,1,1,1,1,1,1,0,0,0,1,1,1,0,1,0,0,1,0,1,0,0,0,0,0,0,1,0,0,0,0
"352","""EC-Cow-MO65211CY230101"",""SRS20179365""",2017,1,1,1,1,1,1,1,1,0,0,0,0,0,0,0,0,0,0,0,0,0,0,0,0,0,0,0,0,0,0
"353","""EC-Cow-MN55108CY230071"",""SRS20179363""",2017,1,1,0,0,0,1,0,0,1,1,1,0,1,0,0,0,0,0,0,1,0,0,0,0,0,0,0,0,0,0
"354","""EC-Cow-MN55108CY230055"",""SRS20179362""",2017,1,1,0,1,1,1,1,1,1,0,0,0,0,0,0,0,0,0,0,0,0,0,0,0,0,0,0,0,0,0
"355","""EC-Cow-MI48910CY230085"",""SRS20179361""",2017,1,1,1,1,1,1,0,1,0,0,1,0,0,0,0,0,0,0,0,0,0,0,0,0,0,0,0,0,0,0
"356","""EC-Cow-MI48910CY230050"",""SRS20179360""",2017,1,1,1,0,0,0,0,0,0,0,0,0,0,0,0,0,0,0,0,0,0,0,0,0,0,0,0,0,0,0
"357","""EC-Cow-MI48910CY230006"",""SRS20179359""",2017,1,1,0,0,0,0,0,1,0,0,0,0,0,0,0,0,0,0,0,0,0,0,0,0,0,0,0,0,0,0
"358","""EC-Cow-KY40511CY230117"",""SRS20179358""",2017,1,1,1,0,0,0,1,0,1,0,0,1,0,0,0,0,0,0,0,0,1,1,0,0,0,0,0,0,0,0
"359","""EC-Cow-KY40511CY230083"",""SRS20179357""",2017,1,1,1,0,0,0,0,1,0,0,0,0,0,0,0,0,0,0,0,0,0,0,0,0,0,0,0,0,0,0
"360","""EC-Cow-KY40511CY230050"",""SRS20179356""",2017,1,1,1,0,0,0,0,0,0,0,0,0,0,0,0,0,0,0,0,0,0,0,0,0,0,0,0,0,0,0
"361","""EC-Cow-WI53706PPY50002"",""SRS20224660""",2022,1,0,1,0,0,0,0,0,0,0,0,0,0,0,0,1,0,0,0,0,0,0,0,0,0,0,0,0,0,0
"362","""EC-Cow-SD57007PPY50068"",""SRS20224630""",2022,1,1,1,1,1,1,1,0,1,0,1,1,0,1,0,0,0,1,0,0,0,0,0,0,0,0,0,0,0,0
"363","""EC-Cow-WI53706PPY50068"",""SRS20224621""",2022,1,1,1,1,1,1,1,0,1,0,0,0,0,0,0,0,0,0,0,0,0,0,0,0,0,0,0,0,0,0
"364","""EC-Cow-WI53706PPY50022"",""SRS20224620""",2022,1,1,1,1,1,1,1,0,1,0,0,1,1,0,1,1,0,0,0,0,0,1,0,0,0,0,0,0,0,0
"365","""EC-Cow-PA17110PPY50021"",""SRS20224619""",2022,1,1,1,0,0,0,0,0,0,0,0,0,0,0,0,0,0,0,0,0,0,0,0,0,0,0,0,0,0,0
"366","""EC-Cow-PA17110PPY50014"",""SRS20224618""",2022,1,1,0,0,0,0,0,1,0,1,0,1,1,0,0,0,0,0,0,0,0,0,0,0,0,1,0,0,0,0
"367","""EC-Cow-IA50014PPY50019"",""SRS20300947""",2022,1,1,1,0,0,0,1,0,1,0,1,0,1,0,0,0,0,0,0,1,0,0,0,0,0,0,0,1,0,0
"368","""EC-Cow-CO80526PPY50325"",""SRS20300948""",2022,1,1,0,1,1,0,0,1,0,1,1,0,0,0,0,0,0,0,0,0,0,0,0,0,0,0,0,0,0,0
"369","""EC-Cow-CO80526PPY50323"",""SRS20300946""",2022,1,1,1,0,0,0,0,0,0,0,0,0,0,0,0,0,0,0,0,0,0,0,0,0,0,0,0,0,0,0
"370","""EC-Cow-CO80526PPY50268"",""SRS20300944""",2022,1,1,1,1,1,1,1,0,1,0,0,0,1,0,0,0,0,0,0,0,0,1,0,0,0,0,0,0,0,0
"371","""EC-Cow-CO80526PPY50257"",""SRS20300945""",2022,1,1,1,0,0,1,0,1,1,1,0,0,0,0,0,0,0,0,0,0,0,0,0,0,0,0,0,0,0,0
"372","""EC-Cow-CO80526PPY50251"",""SRS20300942""",2022,1,1,1,1,1,1,1,0,1,0,1,1,0,0,0,0,1,0,1,0,1,0,1,1,0,0,0,0,0,0
"373","""EC-Cow-CA95616PPY50041"",""SRS20300943""",2022,1,1,1,0,0,0,0,0,0,0,0,0,0,0,0,0,0,0,0,0,0,0,0,0,0,0,0,0,0,0
"374","""EC-Cow-CA95616PPY50038"",""SRS20300941""",2022,1,1,1,0,0,0,0,1,0,0,0,0,0,0,0,1,0,0,0,0,0,0,0,1,0,0,0,0,0,0
"375","""EC-Cow-IL61802PPY50254"",""SRS20300939""",2022,1,0,1,0,0,0,0,1,0,0,0,0,0,0,1,1,0,0,0,0,0,0,0,0,0,0,0,0,0,0
"376","""EC-Cow-IL61802PPY50194"",""SRS20300938""",2022,1,1,1,1,1,0,0,0,0,1,0,0,0,0,1,1,0,0,0,0,0,0,0,0,0,0,0,0,0,0
"377","""EC-Cow-AL36849PPY50220"",""SRS20300937""",2022,1,1,1,1,1,1,1,1,1,0,0,0,0,0,0,0,0,0,0,0,0,0,0,0,0,0,0,0,0,0
"378","""EC-Cow-AL36849PPY50138"",""SRS20300936""",2022,1,1,1,0,0,0,0,0,0,0,0,0,0,0,0,0,0,0,0,0,0,0,0,0,0,0,0,0,0,0
"379","""EC-Cow-PA17110CY230105"",""SRS20514316""",2017,1,1,0,0,0,1,1,1,1,0,0,0,1,1,0,0,0,1,0,0,0,0,1,0,0,0,0,0,0,1
"380","""EC-Cow-PA17110CY230099"",""SRS20515100""",2017,1,1,1,1,1,1,1,1,1,1,1,0,0,0,0,0,1,0,1,0,1,0,1,0,0,1,0,0,0,0
"381","""EC-Cow-IL61802PPY50134"",""SRS20704312""",2022,1,0,1,1,1,1,1,1,1,0,0,1,1,0,1,1,0,0,0,0,0,1,0,0,0,0,0,0,0,0
"382","""EC-Cow-IL61802PPY50075"",""SRS20704303""",2022,1,1,0,0,0,0,1,0,1,0,0,1,0,0,0,0,0,0,0,0,1,1,0,0,0,0,0,0,0,0
"383","""EC-Cow-IL61802PPY50045"",""SRS20704304""",2022,0,1,1,0,0,0,0,0,0,0,0,0,0,0,1,0,0,0,0,0,0,0,0,0,0,0,0,0,0,0
"384","""EC-Cow-IA50014CY230033"",""SRS20704311""",2017,1,1,1,0,0,1,0,1,1,1,1,1,1,1,0,0,0,1,0,1,0,0,1,0,0,0,0,0,0,1
"385","""EC-Cow-IA50014CY230013"",""SRS20704309""",2017,1,1,0,1,1,1,0,1,1,1,1,0,1,0,0,0,0,0,0,0,0,0,0,0,0,0,0,1,0,0
"386","""EC-Cow-IA50014CY230001"",""SRS20704310""",2017,1,1,0,0,0,0,1,1,1,0,0,0,1,0,0,0,0,0,0,1,0,0,0,0,0,0,0,0,0,0
"387","""EC-Cow-AL36849PPY50058"",""SRS20704302""",2022,1,1,1,0,0,0,0,0,0,0,0,0,0,0,0,0,0,0,0,0,0,0,0,0,0,0,1,0,0,0
"388","""EC-Cow-AL36849PPY50046"",""SRS20704308""",2022,1,1,1,0,0,0,0,1,0,0,0,1,1,0,0,0,0,0,0,0,0,0,0,0,0,0,1,0,0,0
"389","""EC-Cow-MO65211PPY50104"",""SRS20704306""",2022,1,1,1,0,0,0,0,0,0,0,0,0,0,0,0,0,0,0,0,0,0,0,0,0,0,0,0,0,0,0
"390","""EC-Cow-MO65211PPY50103"",""SRS20704307""",2022,1,1,1,0,0,0,0,0,0,0,0,0,0,0,0,0,0,0,0,0,0,0,0,0,0,0,0,0,0,0
"391","""EC-Cow-MN55108PPY50093"",""SRS20704301""",2022,1,1,1,0,0,0,0,1,0,1,0,1,0,0,0,0,1,0,1,0,1,0,0,0,0,0,0,0,0,0
"392","""EC-Cow-MN55108PPY50084"",""SRS20704305""",2022,1,1,1,0,0,0,1,0,0,0,0,0,0,0,0,0,0,0,0,0,1,0,0,0,0,0,0,0,0,0
"393","""EC-Cow-MN55108PPY50064"",""SRS20704300""",2022,1,1,1,1,1,1,0,0,0,1,1,0,0,0,0,0,0,0,0,0,0,0,0,0,0,0,0,0,0,0
"394","""EC-Cow-MN55108PPY50052"",""SRS20704299""",2022,1,1,1,1,1,1,1,0,1,1,1,1,0,1,0,0,0,0,0,0,0,0,0,0,0,0,0,0,0,0
"395","""EC-Cow-KY42240PPY50155"",""SRS20704298""",2022,1,1,1,1,1,1,0,0,0,1,0,0,0,0,0,1,0,0,0,0,0,0,0,0,0,0,0,0,0,0
"396","""EC-Cow-KY42240PPY50153"",""SRS20704297""",2022,1,1,1,0,0,0,0,0,0,1,0,0,0,0,0,0,0,0,0,0,0,0,0,0,0,0,0,0,0,0
"397","""EC-Cow-KY42240PPY50127"",""SRS20704296""",2022,1,1,1,1,1,0,0,1,0,1,0,0,0,0,0,0,0,0,0,0,0,0,0,0,0,0,0,0,0,0
"398","""EC-Cow-KY40511PPY50097"",""SRS20704295""",2022,1,1,1,0,0,0,0,0,0,0,0,0,0,0,0,0,0,0,0,0,0,0,0,0,0,0,0,0,0,0
"399","""EC-Cow-AL36849PPY50015"",""SRS20704294""",2022,1,0,1,0,0,0,0,0,0,0,0,0,0,0,0,1,0,0,0,0,0,0,0,0,0,0,0,0,0,0
"400","""EC-Cow-AL36832PPY50031"",""SRS20704293""",2022,1,1,1,0,0,0,1,0,0,0,0,1,0,1,0,0,0,1,0,0,0,0,0,0,0,0,0,0,0,0
"401","""EC-Cow-PA16802PPY50033"",""SRS20716371""",2022,1,1,1,0,0,0,0,0,0,0,0,0,0,0,0,0,0,0,0,0,0,0,0,0,0,0,0,0,0,0
"402","""EC-Cow-PA16802CY230090"",""SRS20716370""",2017,1,1,1,1,1,1,0,0,0,1,0,0,0,0,0,0,0,0,0,0,0,0,0,0,0,0,0,0,0,0
"403","""EC-Cow-PA16802CY230013"",""SRS20716369""",2017,1,1,1,1,1,0,0,1,0,1,1,1,0,0,0,0,0,0,0,0,0,0,0,0,0,0,0,0,0,0
"404","""EC-Cow-NE68583PPY50248"",""SRS20716368""",2022,1,1,1,0,0,0,0,0,0,0,0,0,0,0,0,0,0,0,0,0,0,0,0,0,0,0,0,0,0,0
"405","""EC-Cow-NE68583PPY50069"",""SRS20716367""",2022,1,1,1,0,0,0,0,0,0,0,0,0,0,0,0,0,0,0,0,0,0,0,0,0,0,0,0,0,0,0
"406","""EC-Cow-NE68583PPY50037"",""SRS20716366""",2022,1,1,1,1,1,1,0,0,0,1,0,0,0,0,0,0,0,0,0,0,0,0,0,0,0,0,0,0,0,0
"407","""EC-Cow-NC27607PPY50059"",""SRS20716365""",2022,1,1,0,0,0,0,0,0,0,0,0,0,0,0,0,0,0,0,0,0,0,0,0,0,0,0,0,0,0,0
"408","""EC-Cow-WI53706PPY50023"",""SRS20716364""",2022,1,1,1,1,1,0,0,0,0,1,0,0,0,0,0,0,0,0,0,0,0,0,0,0,0,0,0,0,0,0
"409","""EC-Cow-MS39208CY230078"",""SRS20716363""",2017,0,1,1,1,1,0,1,0,0,0,0,0,0,0,0,0,0,0,0,0,0,0,0,0,0,0,1,0,0,0
"410","""EC-Cow-WI53706CY230195"",""SRS20716362""",2017,1,1,1,0,0,0,0,1,0,1,0,0,0,0,0,0,0,0,0,0,0,0,0,0,0,0,0,0,0,0
"411","""EC-Cow-SD57007PPY50070"",""SRS20716361""",2022,1,1,1,0,0,0,1,1,0,0,1,1,1,1,0,0,0,1,0,0,1,0,0,0,1,0,0,0,0,0
"412","""EC-Cow-SD57007PPY50069"",""SRS20716360""",2022,1,1,1,0,0,0,0,0,0,0,0,0,0,0,0,0,0,0,0,0,0,0,0,0,0,0,0,0,0,0
"413","""EC-Cow-SD57007PPY50067"",""SRS20716359""",2022,1,1,0,1,1,1,1,1,1,0,0,0,0,0,0,0,0,0,0,0,0,0,0,0,0,0,0,0,0,0
"414","""EC-Cow-SD57007PPY50066"",""SRS20716358""",2022,1,1,1,1,1,1,1,1,1,0,0,0,0,0,0,0,0,0,0,0,1,0,0,1,0,0,0,0,0,0
"415","""EC-Cow-PA17110CY230084"",""SRS20716357""",2017,1,0,1,0,0,0,1,1,0,0,0,0,0,0,1,1,0,0,0,0,0,0,0,0,0,0,0,0,0,0
"416","""EC-Cow-PA16802PPY50098"",""SRS20716356""",2022,1,1,1,1,1,1,1,1,0,0,0,0,0,0,1,1,0,0,0,0,0,0,0,0,0,0,0,0,0,0
"417","""EC-Cow-PA16802PPY50085"",""SRS20716355""",2022,1,1,1,1,1,1,1,0,0,1,0,0,0,0,1,1,0,0,0,0,0,0,0,1,0,0,0,1,0,0
"418","""EC-Cow-PA16802PPY50074"",""SRS20716354""",2022,1,1,1,1,1,1,1,0,1,0,0,0,0,0,0,0,0,0,0,0,0,0,0,0,0,0,0,0,0,0
"419","""EC-Cow-PA16802PPY50052"",""SRS20716353""",2022,1,1,1,0,0,0,1,0,0,0,0,0,0,0,0,0,0,0,0,0,0,0,0,0,0,0,0,0,0,0
"420","""EC-Cow-MS39208CY230010"",""SRS20716352""",2017,1,1,1,0,0,1,1,0,1,0,0,0,0,0,0,0,0,0,0,0,0,0,0,0,0,0,0,0,0,0
"421","""EC-Cow-MS39208CY230009"",""SRS20716351""",2017,1,1,0,0,0,0,0,0,0,0,0,0,0,0,0,0,0,0,0,0,0,0,0,0,0,0,0,0,0,0
"422","""EC-Cow-IL61802CY230045"",""SRS20816224""",2017,1,1,1,1,1,1,1,0,1,0,0,0,0,0,0,0,0,0,0,0,0,0,0,0,0,0,0,0,0,0
"423","""EC-Cow-CO80526CY230263"",""SRS20816223""",2017,1,1,1,0,0,0,0,0,0,0,0,0,0,0,0,0,0,0,0,0,0,0,0,1,0,0,0,0,0,0
"424","""EC-Cow-CO80526CY230253"",""SRS20816222""",2017,1,0,1,0,0,0,0,0,0,0,0,0,0,0,0,1,0,0,0,0,0,0,0,0,0,0,0,0,0,0
"425","""EC-Cow-CO80526CY230228"",""SRS20816221""",2017,1,1,1,0,0,0,0,0,0,0,0,0,0,0,0,0,0,0,0,0,0,0,0,0,0,0,0,0,0,0
"426","""EC-Cow-CO80526CY230225"",""SRS20816220""",2017,1,1,1,1,1,1,1,1,1,0,0,0,1,0,0,0,0,0,0,0,0,1,0,0,0,0,0,0,0,0
"427","""EC-Cow-CA95616CY230067"",""SRS20816219""",2017,1,1,1,0,0,0,0,0,0,0,0,0,0,0,0,0,0,0,0,0,0,0,0,0,0,0,0,0,0,0
"428","""EC-Cow-CA95616CY230001"",""SRS20816210""",2017,1,1,1,0,0,0,0,0,0,0,0,0,0,0,0,0,0,0,0,0,0,0,0,0,0,0,0,0,0,0
"429","""EC-Cow-AL36849CY230078"",""SRS20816199""",2017,1,1,1,1,1,0,0,0,0,1,0,0,0,0,0,0,0,0,0,0,0,0,0,0,0,0,0,0,0,0
"430","""EC-Cow-PA17110PPY50141"",""SRS20816196""",2022,1,1,1,0,0,0,0,1,0,0,1,1,1,0,1,1,0,0,0,0,0,0,0,0,0,0,0,0,0,0
"431","""EC-Cow-PA17110PPY50110"",""SRS20816197""",2022,1,1,1,1,1,1,0,0,0,1,1,0,0,0,0,0,0,0,0,0,0,0,0,0,0,0,0,0,0,0
"432","""EC-Cow-PA17110PPY50098"",""SRS20816195""",2022,1,1,0,0,0,0,0,1,0,1,1,1,0,0,0,0,0,0,0,0,0,0,1,0,1,0,0,0,0,0
"433","""EC-Cow-PA17110PPY50086"",""SRS20816194""",2022,1,1,0,1,1,1,0,0,1,1,1,0,0,0,0,0,0,0,0,0,0,0,0,0,0,0,0,0,0,0
"434","""EC-Cow-PA17110PPY50066"",""SRS20816193""",2022,1,1,0,1,1,0,1,1,0,0,0,0,0,0,0,0,0,0,0,0,0,0,0,0,1,0,0,0,0,0
"435","""EC-Cow-NY14853CY230098"",""SRS20816191""",2017,1,1,1,1,1,1,1,0,1,0,0,1,1,1,0,0,0,0,0,0,0,0,0,0,0,0,0,0,0,0
"436","""EC-Cow-NY14853CY230046"",""SRS20816192""",2017,1,1,1,1,1,1,1,0,1,0,0,1,1,1,0,0,0,0,0,0,0,0,0,0,0,0,0,0,0,0
"437","""EC-Cow-NE68583CY230053"",""SRS20816190""",2017,1,1,1,0,0,0,0,0,0,0,0,0,0,0,0,0,0,0,0,0,0,0,0,0,0,0,0,0,0,0
"438","""EC-Cow-KY42240CY230006"",""SRS20816189""",2017,1,1,1,1,1,1,1,1,1,0,0,0,0,0,0,0,0,0,0,0,0,0,0,0,0,0,0,0,0,0
"439","""EC-Cow-AL36849CY230043"",""SRS20816187""",2017,0,1,1,0,0,0,0,0,0,0,0,0,0,0,0,1,0,0,0,0,0,0,0,0,0,0,0,0,0,0
"440","""EC-Cow-AL36849CY230014"",""SRS20816186""",2017,1,1,1,0,0,0,0,0,0,0,0,0,0,0,0,0,0,0,0,0,0,0,0,0,0,0,0,0,0,0
"441","""EC-Cow-WI53706CY230274"",""SRS21152208""",2017,1,1,1,1,1,1,0,1,0,1,1,0,0,0,0,0,1,0,1,0,0,0,0,0,0,0,0,0,0,0
"442","""EC-Cow-MN55108CY230085"",""SRS21152207""",2017,1,1,1,1,1,1,1,1,0,0,0,0,0,0,0,0,0,0,0,0,0,0,0,0,0,0,0,0,0,0
"443","""EC-Cow-IL61802CY230073"",""SRS21152205""",2017,1,0,1,0,0,0,1,1,0,0,0,0,0,0,0,1,0,0,0,0,0,0,0,1,0,0,0,0,0,0
"444","""EC-Cow-CA95616CY240002"",""SRS21152203""",2017,1,1,1,0,0,0,0,0,0,0,0,0,0,0,0,0,0,0,0,0,0,0,0,0,0,0,0,0,0,0
"445","""EC-Cow-CA95616CY240001"",""SRS21152202""",2017,1,1,1,1,1,1,1,1,1,0,1,0,1,0,0,0,0,0,0,0,0,1,0,0,0,0,0,0,0,0
"446","""EC-Cow-MN55108PPY50089"",""SRS21423058""",2017,1,1,0,0,0,0,0,0,0,1,1,0,0,0,0,0,0,0,0,0,0,0,0,0,0,0,0,0,0,0
"447","""EC-Cow-IL61802CY230260"",""SRS21423061""",2017,1,1,0,1,1,1,1,1,1,0,0,0,0,0,0,0,0,0,0,0,0,0,0,0,0,0,0,0,0,0
"448","""EC-Cow-IL61802CY230207"",""SRS21423059""",2017,1,1,1,0,0,0,0,1,0,0,0,1,1,0,0,0,0,0,0,0,0,0,0,0,1,0,0,0,0,0
"449","""EC-Cow-WI53706CY240080"",""SRS21869718""",2017,1,1,1,1,1,1,0,1,0,1,0,0,0,0,0,0,1,0,1,0,0,0,0,0,0,1,0,0,0,0
"450","""EC-Cow-WI53706CY240006"",""SRS21869717""",2017,1,1,1,1,1,1,0,1,0,1,0,0,1,0,0,0,0,0,0,0,0,1,0,0,0,0,0,0,0,0
"451","""EC-Cow-WA99164CY240014"",""SRS21869716""",2017,1,1,1,0,0,0,0,0,0,0,0,0,0,0,0,0,0,0,0,0,0,0,0,0,0,0,0,0,0,0
"452","""EC-Cow-PA17110CY230173"",""SRS21869715""",2017,1,1,0,1,1,1,0,0,0,1,1,0,0,0,0,0,0,0,0,0,0,0,0,0,0,0,0,0,0,0
"453","""EC-Cow-PA17110CY230169"",""SRS21869714""",2017,1,1,0,1,1,1,0,0,1,1,1,1,0,1,0,0,0,1,0,0,0,0,0,0,0,0,0,0,0,0
"454","""EC-Cow-PA17110CY230147"",""SRS21869713""",2017,1,1,1,0,0,0,0,0,0,0,0,0,0,0,0,0,0,0,0,0,0,0,0,0,0,0,0,0,0,0
"455","""EC-Cow-OH43068CY230033"",""SRS21869711""",2017,1,1,1,1,1,0,0,1,0,1,1,0,0,0,0,0,0,0,0,0,0,0,0,0,0,0,0,0,0,0
"456","""EC-Cow-OH43068CY230017"",""SRS21869712""",2017,1,1,0,0,0,0,0,0,0,1,0,0,0,0,0,0,0,0,0,0,0,0,0,0,0,0,0,0,0,0
"457","""EC-Cow-OH43068CY230001"",""SRS21869710""",2017,1,1,0,1,1,0,1,1,0,0,0,0,0,0,0,0,0,0,0,0,0,0,0,0,0,0,0,0,0,0
"458","""EC-Cow-MO65211CY240101"",""SRS21869709""",2017,1,0,1,0,0,0,1,1,0,0,0,0,0,0,1,1,0,0,0,0,0,0,0,0,0,0,0,0,0,0
"459","""EC-Cow-KY42240CY230083"",""SRS21869707""",2017,1,1,1,0,0,0,0,0,0,0,0,0,0,0,0,0,0,0,0,0,0,0,0,0,0,0,0,0,0,0
"460","""EC-Cow-KY40511CY240036"",""SRS21869706""",2017,1,1,0,0,0,0,1,0,0,0,0,0,0,0,0,0,0,0,0,0,0,0,0,0,0,0,0,0,0,0
"461","""EC-Cow-KY40511CY240035"",""SRS21869705""",2017,1,1,1,0,0,0,0,0,0,0,0,0,0,0,0,0,0,0,0,0,0,0,0,0,0,0,1,0,0,0
"462","""EC-Cow-KS66506CY240028"",""SRS21869704""",2017,1,1,1,1,1,1,1,1,1,1,0,0,0,0,0,0,0,0,0,0,0,0,0,0,0,0,0,0,0,0
"463","""EC-Cow-IL61802CY230264"",""SRS21869703""",2017,1,1,1,0,0,0,0,0,0,0,0,0,0,0,0,0,0,0,0,0,0,0,0,0,0,0,1,0,0,0
"464","""EC-Cow-PA19348CY230025"",""SRS22299024""",2017,1,1,1,1,1,1,1,1,1,0,0,1,0,0,0,0,1,0,1,0,1,0,0,0,0,0,0,0,1,0
"465","""EC-Cow-PA16802CY240063"",""SRS22299026""",2017,1,0,1,1,1,0,0,1,0,0,0,0,0,0,1,1,0,0,0,0,0,0,0,0,0,0,0,0,0,0
"466","""EC-Cow-PA16802CY240055"",""SRS22299028""",2017,1,1,1,1,1,1,0,0,0,1,0,0,0,0,0,0,0,0,0,0,0,0,0,0,0,0,0,0,0,0
"467","""EC-Cow-OH43068CY230032"",""SRS22299021""",2017,1,1,1,1,1,1,0,0,0,1,0,0,0,0,0,0,0,0,0,0,0,0,0,0,0,0,0,0,0,0
"468","""EC-Cow-OH43068CY230029"",""SRS22299022""",2017,1,1,1,1,1,1,1,1,1,0,0,0,0,0,0,0,0,0,0,0,1,0,0,0,0,0,0,0,0,0
"469","""EC-Cow-OH43068CY230027"",""SRS22299020""",2017,1,1,1,1,1,1,0,0,0,1,0,0,0,0,0,0,0,0,0,0,0,0,0,0,0,0,0,0,0,0
"470","""EC-Cow-NE68583CY230221"",""SRS22299018""",2017,1,1,1,0,0,0,0,0,0,0,0,0,0,0,0,0,0,0,0,0,0,0,0,0,0,0,0,0,0,0
"471","""EC-Cow-KS66506CY230223"",""SRS22299017""",2017,1,1,1,0,0,0,0,0,0,0,0,0,0,0,0,0,0,0,0,0,0,0,0,0,0,0,0,0,0,0
"472","""EC-Cow-KS66506CY230208"",""SRS22299015""",2017,1,1,1,1,1,1,1,0,1,0,0,0,0,0,0,0,0,0,0,0,0,0,0,0,0,0,0,0,0,0
"473","""EC-Cow-KS66506CY230177"",""SRS22299016""",2017,1,1,1,0,0,0,1,0,0,0,0,0,0,0,0,0,0,0,0,0,0,0,0,0,0,0,0,0,0,0
